screening_id,timestamp,filename,status,predicted_class,predicted_class_name,confidence,calibrated_confidence,temperature,referable_probability,is_referable,quality_status,blur_score,brightness,contrast,od_detected,fovea_detected,vessel_coverage,ma_count,exudates_count,hemorrhages_count,pipeline_latency_ms
3f61e1ec-e25a-448e-96cd-54a547100904,2026-09-04T07:42:53.731224,timing_test.jpg,VALID,0,No DR,0.9806,0.9706,1.0949,0.0064,False,ACCEPT,474.21,68.78,55.12,True,True,0.107,31,6,4,944.16
c6618c60-a29a-4b9d-86bc-657e52bc818b,2026-09-04T07:42:52.672634,test_structures.jpg,VALID,0,No DR,0.9806,0.9706,1.0949,0.0064,False,ACCEPT,474.21,68.78,55.12,True,True,0.107,31,6,4,617.81
eeea57a7-2617-4d43-ab36-17d1a3f4f988,2026-09-04T07:42:51.890281,report_json_test.jpg,VALID,0,No DR,0.9806,0.9706,1.0949,0.0064,False,ACCEPT,474.21,68.78,55.12,True,True,0.107,31,6,4,540.59
e3804466-9b78-4835-b73d-a287b7273fd0,2026-09-04T07:42:51.212939,report_test.jpg,VALID,0,No DR,0.9806,0.9706,1.0949,0.0064,False,ACCEPT,474.21,68.78,55.12,True,True,0.107,31,6,4,638.61
c0725573-86b9-4955-936a-5ce3eb0f1a1f,2026-09-04T07:42:50.448359,blurry_fundus.jpg,LOW_QUALITY,,,,,,,,LOW_QUALITY,1.57,68.77,48.95,False,False,,0,0,0,
35da9bb3-6812-4d81-ab9f-b4ce88b5211d,2026-09-04T07:42:50.233606,alias_fundus.jpg,VALID,0,No DR,0.9806,0.9706,1.0949,0.0064,False,ACCEPT,474.21,68.78,55.12,True,True,0.107,31,6,4,669.49
288c3650-d243-4ad0-977f-c65df514d55c,2026-09-04T07:42:49.327779,history_test.jpg,VALID,0,No DR,0.9806,0.9706,1.0949,0.0064,False,ACCEPT,474.21,68.78,55.12,True,True,0.107,31,6,4,521.95
acfba8df-86bd-46df-8b51-65c23fdd4598,2026-09-04T07:42:48.705945,test_gradcam.jpg,VALID,0,No DR,0.9806,0.9706,1.0949,0.0064,False,ACCEPT,474.21,68.78,55.12,True,True,0.107,31,6,4,531.64
209be558-55cb-4597-bae9-f70ac71940d3,2026-09-04T07:42:48.092975,blurry_fundus.jpg,LOW_QUALITY,,,,,,,,LOW_QUALITY,1.57,68.77,48.95,False,False,,0,0,0,
d31666c5-5036-4036-9a19-c7afa0333283,2026-09-04T07:42:47.941623,corrupt.jpg,INVALID_IMAGE,,,,,,,,INVALID,,,,False,False,,0,0,0,
0b030939-f7c9-487d-938e-17beb5ec22e6,2026-09-04T07:42:47.839192,cartoon.jpg,INVALID_IMAGE,,,,,,,,INVALID,119.666825,215.37296875,39.17665680046631,False,False,,0,0,0,
d04a50e4-0e0e-4f2e-93e7-f2a7ad608471,2026-09-04T07:42:47.741864,sun_sky.jpg,INVALID_IMAGE,,,,,,,,INVALID,40.202875,176.91959375,24.138608412353864,False,False,,0,0,0,
35c63e67-7d67-4442-bfc6-1f819d5ec9cc,2026-09-04T07:42:47.633141,fundus_screening.jpg,VALID,0,No DR,0.9806,0.9706,1.0949,0.0064,False,ACCEPT,474.21,68.78,55.12,True,True,0.107,31,6,4,513.16
97890bc8-711f-4f0f-bc95-8d33341683f7,2026-09-04T07:42:47.005655,valid_fundus.jpg,VALID,0,No DR,0.9806,0.9706,1.0949,0.0064,False,ACCEPT,474.21,68.78,55.12,True,True,0.107,31,6,4,443.92
b6d4db95-ca94-4676-9d37-0c271f7b02ce,2026-09-04T07:42:46.489606,uniform_gray.jpg,INVALID_IMAGE,,,,,,,,INVALID,0.0,128.0,0.0,False,False,,0,0,0,
156c5cdd-94ef-4275-81fd-d68b5690213a,2026-09-04T07:42:46.410362,text_document.jpg,INVALID_IMAGE,,,,,,,,INVALID,5259.5433,238.941275,59.113370538097186,False,False,,0,0,0,
089bca43-1557-40dc-8dbb-04f5dd809852,2026-09-04T07:42:46.336638,screenshot.jpg,INVALID_IMAGE,,,,,,,,INVALID,57.843525,44.2530625,24.475741753235873,False,False,,0,0,0,
4585e03c-112f-482f-b7e6-9711a70a81e5,2026-09-04T07:42:46.263607,plain_red.jpg,INVALID_IMAGE,,,,,,,,INVALID,0.0,83.0,0.0,False,False,,0,0,0,
caa542a3-d357-4b5a-8865-4e2da25d1d5d,2026-09-04T07:42:46.186998,plain_orange.jpg,INVALID_IMAGE,,,,,,,,INVALID,0.0,136.0,0.0,False,False,,0,0,0,
57f012b8-d1fc-4c76-9608-dc4ccc1a4916,2026-09-04T07:42:45.944058,orange_circle.jpg,INVALID_IMAGE,,,,,,,,INVALID,398.6951875,68.52354375,67.80882120485384,False,False,,0,0,0,
adecf35a-46c0-4e0b-947f-e72e9197c151,2026-09-04T07:42:45.848453,landscape.jpg,INVALID_IMAGE,,,,,,,,INVALID,13.005,137.5,25.5,False,False,,0,0,0,
018962ec-b574-4679-912c-1356ab332a31,2026-09-04T07:42:45.748931,kettle.jpg,INVALID_IMAGE,,,,,,,,INVALID,188.7277625,207.44295,40.36680979217332,False,False,,0,0,0,
e0e9b6ef-8070-4e06-b421-0957d741e761,2026-09-04T07:42:45.636123,face.jpg,INVALID_IMAGE,,,,,,,,INVALID,178.668625,178.4262625,18.650663869715036,False,False,,0,0,0,
3566be31-bb9b-41ff-9a8c-3c8553fd33f2,2026-09-04T07:42:45.548034,cartoon.jpg,INVALID_IMAGE,,,,,,,,INVALID,194.5773875,215.97571875,42.85013482091857,False,False,,0,0,0,
51cb0788-086d-4e8e-8473-25a9b81bc23d,2026-09-04T07:42:45.435150,blue_background.jpg,INVALID_IMAGE,,,,,,,,INVALID,0.0,75.0,0.0,False,False,,0,0,0,
1dfd0340-08ec-49b3-83d3-a069171131e9,2026-09-04T07:42:45.326113,missminutes.webp,INVALID_IMAGE,,,,,,,,INVALID,0.0,58.39038930017105,36.60468283681473,False,False,,0,0,0,
dd9a46f5-baff-4d2f-9015-cf1be9ac5589,2026-09-04T07:42:45.027868,sun.jpg,INVALID_IMAGE,,,,,,,,INVALID,0.0,53.702486153291936,54.63472102316836,False,False,,0,0,0,
07bf1ce1-a097-4e38-a4e8-aceddce76fd0,2026-09-04T07:42:44.863603,test_lesions.jpg,VALID,0,No DR,0.9806,0.9706,1.0949,0.0064,False,ACCEPT,474.21,68.78,55.12,True,True,0.107,31,6,4,496.45
11ce70c3-e2b1-43ad-9330-8c91b74f94a0,2026-09-04T07:42:43.727628,sun.jpg,INVALID_IMAGE,,,,,,,,INVALID,40.202875,176.91959375,24.138608412353864,False,False,,0,0,0,
477eb354-4cc1-47b4-a209-4051d0e3d372,2026-09-04T07:42:43.642968,blurry_fundus.jpg,LOW_QUALITY,,,,,,,,LOW_QUALITY,1.57,68.77,48.95,False,False,,0,0,0,
614a117b-67b4-447b-a619-931a60c698b0,2026-09-04T07:42:43.525970,borderline_fundus.jpg,VALID,0,No DR,0.8547,0.8184,1.0949,0.0814,False,ACCEPT,17.84,68.79,54.54,True,True,0.0996,54,5,7,507.2
8f597ea9-12e6-4b5c-9fff-80dbd9bb5759,2026-09-04T07:42:42.921406,good_fundus.jpg,VALID,0,No DR,0.9806,0.9706,1.0949,0.0064,False,ACCEPT,474.21,68.78,55.12,True,True,0.107,31,6,4,489.69
f129a3ce-a3d0-4ea9-a91c-20b3ee78169a,2026-09-04T07:42:42.225201,fundus.jpg,VALID,0,No DR,0.9806,0.9706,1.0949,0.0064,False,ACCEPT,474.21,68.78,55.12,True,True,0.107,31,6,4,689.8
33474831-e768-464c-9889-440f48a8297c,2026-09-04T07:39:55.269936,timing_test.jpg,VALID,0,No DR,0.9806,0.9706,1.0949,0.0064,False,ACCEPT,474.21,68.78,55.12,True,True,0.107,31,6,4,677.21
aa9521eb-5973-48d9-96af-883b608a6321,2026-09-04T07:36:20.387842,test_structures.jpg,VALID,0,No DR,0.9806,0.9706,1.0949,0.0064,False,ACCEPT,474.21,68.78,55.12,True,True,0.107,31,6,4,
2d9ace37-2af9-4fa6-b46c-64f5d29fa62d,2026-09-04T07:36:19.652791,report_json_test.jpg,VALID,0,No DR,0.9806,0.9706,1.0949,0.0064,False,ACCEPT,474.21,68.78,55.12,True,True,0.107,31,6,4,
ca4a901d-55b0-4fcb-b0de-f2ae68946d15,2026-09-04T07:36:18.933819,report_test.jpg,VALID,0,No DR,0.9806,0.9706,1.0949,0.0064,False,ACCEPT,474.21,68.78,55.12,True,True,0.107,31,6,4,
525c18d0-78ec-47e1-a7e9-f1f73f4ce5f0,2026-09-04T07:36:18.160970,blurry_fundus.jpg,LOW_QUALITY,,,,,,,,LOW_QUALITY,1.57,68.77,48.95,False,False,,0,0,0,
642f1cd7-738f-457b-8997-946f53a18af2,2026-09-04T07:36:17.966891,alias_fundus.jpg,VALID,0,No DR,0.9806,0.9706,1.0949,0.0064,False,ACCEPT,474.21,68.78,55.12,True,True,0.107,31,6,4,
ddf8d25b-3536-4733-8745-eeaaf0a0e110,2026-09-04T07:36:17.410809,history_test.jpg,VALID,0,No DR,0.9806,0.9706,1.0949,0.0064,False,ACCEPT,474.21,68.78,55.12,True,True,0.107,31,6,4,
eff75bf1-66f6-48da-ad1a-e9b0c9c19990,2026-09-04T07:36:16.754900,test_gradcam.jpg,VALID,0,No DR,0.9806,0.9706,1.0949,0.0064,False,ACCEPT,474.21,68.78,55.12,True,True,0.107,31,6,4,
1d72f855-2f8a-41a0-8e50-809f63904fe5,2026-09-04T07:36:16.089833,blurry_fundus.jpg,LOW_QUALITY,,,,,,,,LOW_QUALITY,1.57,68.77,48.95,False,False,,0,0,0,
37bac541-ec73-48ea-9d15-ca18f4385cdc,2026-09-04T07:36:15.959129,corrupt.jpg,INVALID_IMAGE,,,,,,,,INVALID,,,,False,False,,0,0,0,
da24d61a-313a-4346-bcc8-a25f70debbc8,2026-09-04T07:36:15.876472,cartoon.jpg,INVALID_IMAGE,,,,,,,,INVALID,119.666825,215.37296875,39.17665680046631,False,False,,0,0,0,
2995f8ae-1550-40f4-88b6-1e581e849a5c,2026-09-04T07:36:15.791597,sun_sky.jpg,INVALID_IMAGE,,,,,,,,INVALID,40.202875,176.91959375,24.138608412353864,False,False,,0,0,0,
0b8b55a0-ed10-4f8a-a1db-acf0121c47e1,2026-09-04T07:36:15.680143,fundus_screening.jpg,VALID,0,No DR,0.9806,0.9706,1.0949,0.0064,False,ACCEPT,474.21,68.78,55.12,True,True,0.107,31,6,4,
548ac2c8-5cef-4e16-bae8-442eab7fcc46,2026-09-04T07:36:15.018374,valid_fundus.jpg,VALID,0,No DR,0.9806,0.9706,1.0949,0.0064,False,ACCEPT,474.21,68.78,55.12,True,True,0.107,31,6,4,
59ff2d19-0c9e-40e5-8735-ec4870234ac1,2026-09-04T07:36:14.369738,uniform_gray.jpg,INVALID_IMAGE,,,,,,,,INVALID,0.0,128.0,0.0,False,False,,0,0,0,
05a37ad7-da84-42aa-bebd-7fce909b93bd,2026-09-04T07:36:14.203000,text_document.jpg,INVALID_IMAGE,,,,,,,,INVALID,5259.5433,238.941275,59.113370538097186,False,False,,0,0,0,
dab29d98-4b9c-4e17-89b3-3c877252b8ac,2026-09-04T07:36:13.986581,screenshot.jpg,INVALID_IMAGE,,,,,,,,INVALID,57.843525,44.2530625,24.475741753235873,False,False,,0,0,0,
cbd6cb33-3342-4ad2-aca8-98a079651fe3,2026-09-04T07:36:13.890711,plain_red.jpg,INVALID_IMAGE,,,,,,,,INVALID,0.0,83.0,0.0,False,False,,0,0,0,
39877970-a4c9-4916-8736-c5b858ea88e7,2026-09-04T07:36:13.781878,plain_orange.jpg,INVALID_IMAGE,,,,,,,,INVALID,0.0,136.0,0.0,False,False,,0,0,0,
9c2fc38c-9166-4e1e-a439-bcc16386830d,2026-09-04T07:36:13.689337,orange_circle.jpg,INVALID_IMAGE,,,,,,,,INVALID,398.6951875,68.52354375,67.80882120485384,False,False,,0,0,0,
eed00661-d836-4968-8f84-9711a516ebef,2026-09-04T07:36:13.593044,landscape.jpg,INVALID_IMAGE,,,,,,,,INVALID,13.005,137.5,25.5,False,False,,0,0,0,
2b0abc61-de95-4ba6-9ef9-3826089f7360,2026-09-04T07:36:13.480387,kettle.jpg,INVALID_IMAGE,,,,,,,,INVALID,188.7277625,207.44295,40.36680979217332,False,False,,0,0,0,
b8da4989-1990-45b8-b182-5b4a0cf2f26f,2026-09-04T07:36:13.235863,face.jpg,INVALID_IMAGE,,,,,,,,INVALID,178.668625,178.4262625,18.650663869715036,False,False,,0,0,0,
f599306b-aeb3-4c9c-acc7-2121d37d4fe9,2026-09-04T07:36:13.153932,cartoon.jpg,INVALID_IMAGE,,,,,,,,INVALID,194.5773875,215.97571875,42.85013482091857,False,False,,0,0,0,
3c6cd4e3-56c1-4c73-b367-e1772f28acf3,2026-09-04T07:36:13.064240,blue_background.jpg,INVALID_IMAGE,,,,,,,,INVALID,0.0,75.0,0.0,False,False,,0,0,0,
7dfd91b7-8e57-427a-8e69-19bcd6a68bbd,2026-09-04T07:36:12.965858,missminutes.webp,INVALID_IMAGE,,,,,,,,INVALID,0.0,58.39038930017105,36.60468283681473,False,False,,0,0,0,
fd3d4bd6-f72d-472e-a848-f1a134eb2526,2026-09-04T07:36:12.747552,sun.jpg,INVALID_IMAGE,,,,,,,,INVALID,0.0,53.702486153291936,54.63472102316836,False,False,,0,0,0,
c06a866c-dda1-4176-8815-a689bcd46ea9,2026-09-04T07:36:12.619803,test_lesions.jpg,VALID,0,No DR,0.9806,0.9706,1.0949,0.0064,False,ACCEPT,474.21,68.78,55.12,True,True,0.107,31,6,4,
5d388b71-01d1-4997-bcc4-2207dad0578e,2026-09-04T07:36:11.684877,sun.jpg,INVALID_IMAGE,,,,,,,,INVALID,40.202875,176.91959375,24.138608412353864,False,False,,0,0,0,
98eeeb97-aa20-47de-9772-06353e827405,2026-09-04T07:36:11.632222,blurry_fundus.jpg,LOW_QUALITY,,,,,,,,LOW_QUALITY,1.57,68.77,48.95,False,False,,0,0,0,
8129e505-dce0-43b2-9f34-1f380ad01e4e,2026-09-04T07:36:11.531369,borderline_fundus.jpg,VALID,0,No DR,0.8547,0.8184,1.0949,0.0814,False,ACCEPT,17.84,68.79,54.54,True,True,0.0996,54,5,7,
3fd8deef-55cb-49fc-be3d-51ff7328f144,2026-09-04T07:36:10.900569,good_fundus.jpg,VALID,0,No DR,0.9806,0.9706,1.0949,0.0064,False,ACCEPT,474.21,68.78,55.12,True,True,0.107,31,6,4,
d55ce380-263a-4b4e-aa3a-225c489fc462,2026-09-04T07:36:10.245542,fundus.jpg,VALID,0,No DR,0.9806,0.9706,1.0949,0.0064,False,ACCEPT,474.21,68.78,55.12,True,True,0.107,31,6,4,
cc32dee7-5079-4192-9a12-4d84406f2ccb,2026-09-04T07:35:32.241987,test_structures.jpg,VALID,0,No DR,0.9806,0.9706,1.0949,0.0064,False,ACCEPT,474.21,68.78,55.12,True,True,0.107,31,6,4,
36312be9-ff2d-4add-ade0-8653655bb2b5,2026-09-04T07:35:30.430753,report_json_test.jpg,VALID,0,No DR,0.9806,0.9706,1.0949,0.0064,False,ACCEPT,474.21,68.78,55.12,True,True,0.107,31,6,4,
a678b1d1-0468-44e1-a0a3-111f3703c44c,2026-09-04T07:35:29.790956,report_test.jpg,VALID,0,No DR,0.9806,0.9706,1.0949,0.0064,False,ACCEPT,474.21,68.78,55.12,True,True,0.107,31,6,4,
13a244fe-a117-49a0-9cc9-8cb62f57cd31,2026-09-04T07:35:28.986731,blurry_fundus.jpg,LOW_QUALITY,,,,,,,,LOW_QUALITY,1.57,68.77,48.95,False,False,,0,0,0,
b65eb697-205d-4084-aeed-9d75d952731f,2026-09-04T07:35:28.825709,alias_fundus.jpg,VALID,0,No DR,0.9806,0.9706,1.0949,0.0064,False,ACCEPT,474.21,68.78,55.12,True,True,0.107,31,6,4,
7d4c8532-4de3-4b07-bd7f-5abe16e96029,2026-09-04T07:35:28.205762,history_test.jpg,VALID,0,No DR,0.9806,0.9706,1.0949,0.0064,False,ACCEPT,474.21,68.78,55.12,True,True,0.107,31,6,4,
b48aff4a-e181-4b38-bee2-2c68740625c4,2026-09-04T07:35:27.686614,test_gradcam.jpg,VALID,0,No DR,0.9806,0.9706,1.0949,0.0064,False,ACCEPT,474.21,68.78,55.12,True,True,0.107,31,6,4,
d074dfcb-caa1-41b3-866f-e7a3cb6a5d4a,2026-09-04T07:35:27.120057,blurry_fundus.jpg,LOW_QUALITY,,,,,,,,LOW_QUALITY,1.57,68.77,48.95,False,False,,0,0,0,
4d29bd22-5894-4a9b-80cd-4e3f00d3873a,2026-09-04T07:35:27.004835,corrupt.jpg,INVALID_IMAGE,,,,,,,,INVALID,,,,False,False,,0,0,0,
3245496a-91dc-4f1e-89df-361ef5469b0f,2026-09-04T07:35:26.923692,cartoon.jpg,INVALID_IMAGE,,,,,,,,INVALID,119.666825,215.37296875,39.17665680046631,False,False,,0,0,0,
261d6d55-ec0f-4ac0-ba86-53f512235ebf,2026-09-04T07:35:26.845462,sun_sky.jpg,INVALID_IMAGE,,,,,,,,INVALID,40.202875,176.91959375,24.138608412353864,False,False,,0,0,0,
fae712ca-7626-47ef-835d-5a736ecfcaa4,2026-09-04T07:35:26.760612,fundus_screening.jpg,VALID,0,No DR,0.9806,0.9706,1.0949,0.0064,False,ACCEPT,474.21,68.78,55.12,True,True,0.107,31,6,4,
4873fa9e-bbb9-4789-8ba3-75e45e8d8c92,2026-09-04T07:35:26.160295,valid_fundus.jpg,VALID,0,No DR,0.9806,0.9706,1.0949,0.0064,False,ACCEPT,474.21,68.78,55.12,True,True,0.107,31,6,4,
5d2f1fd2-ff4f-44d1-913e-01193cef7ac7,2026-09-04T07:35:25.642483,uniform_gray.jpg,INVALID_IMAGE,,,,,,,,INVALID,0.0,128.0,0.0,False,False,,0,0,0,
458ae7c2-3e6c-478f-9823-49f1f9fece4d,2026-09-04T07:35:25.555997,text_document.jpg,INVALID_IMAGE,,,,,,,,INVALID,5259.5433,238.941275,59.113370538097186,False,False,,0,0,0,
24cdaccb-b391-40e0-9d30-f5e076a51c08,2026-09-04T07:35:25.475289,screenshot.jpg,INVALID_IMAGE,,,,,,,,INVALID,57.843525,44.2530625,24.475741753235873,False,False,,0,0,0,
f5617efa-0cde-4bdd-98b7-4372bc8e6fa4,2026-09-04T07:35:25.392448,plain_red.jpg,INVALID_IMAGE,,,,,,,,INVALID,0.0,83.0,0.0,False,False,,0,0,0,
49b0a5b8-e0b4-41f9-81f7-532bdd9d53bf,2026-09-04T07:35:25.189463,plain_orange.jpg,INVALID_IMAGE,,,,,,,,INVALID,0.0,136.0,0.0,False,False,,0,0,0,
60fe9bca-329b-4796-9542-994c598e4308,2026-09-04T07:35:25.118288,orange_circle.jpg,INVALID_IMAGE,,,,,,,,INVALID,398.6951875,68.52354375,67.80882120485384,False,False,,0,0,0,
93f69e6d-23ee-4b70-87db-587bfc95a331,2026-09-04T07:35:25.051741,landscape.jpg,INVALID_IMAGE,,,,,,,,INVALID,13.005,137.5,25.5,False,False,,0,0,0,
cbc4b091-d160-4b7a-85fa-43fca2826a31,2026-09-04T07:35:24.975465,kettle.jpg,INVALID_IMAGE,,,,,,,,INVALID,188.7277625,207.44295,40.36680979217332,False,False,,0,0,0,
0baa87df-f98f-4bca-8f69-9d7733bddaa7,2026-09-04T07:35:24.888161,face.jpg,INVALID_IMAGE,,,,,,,,INVALID,178.668625,178.4262625,18.650663869715036,False,False,,0,0,0,
c447e121-97b8-4dd6-a0d8-17c644d3653f,2026-09-04T07:35:24.817271,cartoon.jpg,INVALID_IMAGE,,,,,,,,INVALID,194.5773875,215.97571875,42.85013482091857,False,False,,0,0,0,
ce9b3b8b-04d8-4f1d-89c8-101143a31847,2026-09-04T07:35:24.753065,blue_background.jpg,INVALID_IMAGE,,,,,,,,INVALID,0.0,75.0,0.0,False,False,,0,0,0,
c29912fe-b508-4390-9d4c-1ef110f154c6,2026-09-04T07:35:24.664192,missminutes.webp,INVALID_IMAGE,,,,,,,,INVALID,0.0,58.39038930017105,36.60468283681473,False,False,,0,0,0,
5a1b9554-690d-4896-883a-b20e4c2b18f3,2026-09-04T07:35:24.454201,sun.jpg,INVALID_IMAGE,,,,,,,,INVALID,0.0,53.702486153291936,54.63472102316836,False,False,,0,0,0,
daff5b06-26f2-4015-9c7c-c2486666b218,2026-09-04T07:35:24.320530,test_lesions.jpg,VALID,0,No DR,0.9806,0.9706,1.0949,0.0064,False,ACCEPT,474.21,68.78,55.12,True,True,0.107,31,6,4,
7003026b-92be-45bf-8989-7460cd9333ae,2026-09-04T07:35:23.376983,sun.jpg,INVALID_IMAGE,,,,,,,,INVALID,40.202875,176.91959375,24.138608412353864,False,False,,0,0,0,
fe7f3752-18b7-4b12-ad9e-880b63dbf46e,2026-09-04T07:35:23.308707,blurry_fundus.jpg,LOW_QUALITY,,,,,,,,LOW_QUALITY,1.57,68.77,48.95,False,False,,0,0,0,
34b96e85-8bd9-44de-83ab-e1dba301eea7,2026-09-04T07:35:23.218401,borderline_fundus.jpg,VALID,0,No DR,0.8547,0.8184,1.0949,0.0814,False,ACCEPT,17.84,68.79,54.54,True,True,0.0996,54,5,7,
9524005e-a197-4564-8a00-4c3689eabcd1,2026-09-04T07:35:22.734227,good_fundus.jpg,VALID,0,No DR,0.9806,0.9706,1.0949,0.0064,False,ACCEPT,474.21,68.78,55.12,True,True,0.107,31,6,4,
37baf8b6-ca99-4566-aae6-7f89a7603443,2026-09-04T07:35:22.193000,fundus.jpg,VALID,0,No DR,0.9806,0.9706,1.0949,0.0064,False,ACCEPT,474.21,68.78,55.12,True,True,0.107,31,6,4,
23fe6483-61ba-415a-b3ea-7257173f6de9,2026-09-04T07:25:59.799837,test_structures.jpg,VALID,0,No DR,0.9806,,,0.0064,False,ACCEPT,474.21,68.78,55.12,True,True,0.107,31,6,4,
5606e686-ab33-4954-8250-5333c51b7f61,2026-09-04T07:25:59.087199,blurry_fundus.jpg,LOW_QUALITY,,,,,,,,LOW_QUALITY,1.57,68.77,48.95,False,False,,0,0,0,
fc7a7ad7-7b1e-46de-9f00-9cab94bc6c05,2026-09-04T07:25:58.919720,alias_fundus.jpg,VALID,0,No DR,0.9806,,,0.0064,False,ACCEPT,474.21,68.78,55.12,True,True,0.107,31,6,4,
242a5e81-2f3c-4539-be15-a58b2fd857f3,2026-09-04T07:25:58.172207,history_test.jpg,VALID,0,No DR,0.9806,,,0.0064,False,ACCEPT,474.21,68.78,55.12,True,True,0.107,31,6,4,
41ff5efd-ff68-49dc-8e57-3f772408dc63,2026-09-04T07:25:57.584307,test_gradcam.jpg,VALID,0,No DR,0.9806,,,0.0064,False,ACCEPT,474.21,68.78,55.12,True,True,0.107,31,6,4,
129326f6-4a0b-4cdf-b034-bc7106ce35a0,2026-09-04T07:25:56.920873,blurry_fundus.jpg,LOW_QUALITY,,,,,,,,LOW_QUALITY,1.57,68.77,48.95,False,False,,0,0,0,
accceb6b-08cf-46dd-8e78-21075bc062ed,2026-09-04T07:25:56.814972,corrupt.jpg,INVALID_IMAGE,,,,,,,,INVALID,,,,False,False,,0,0,0,
a1b6ac57-3302-4251-a47e-1860e85b8734,2026-09-04T07:25:56.755537,cartoon.jpg,INVALID_IMAGE,,,,,,,,INVALID,119.666825,215.37296875,39.17665680046631,False,False,,0,0,0,
91525b7c-a321-467c-a2a2-79f68a428bed,2026-09-04T07:25:56.681508,sun_sky.jpg,INVALID_IMAGE,,,,,,,,INVALID,40.202875,176.91959375,24.138608412353864,False,False,,0,0,0,
dfd6855b-3a0d-47a7-8302-2a7102b2ba6f,2026-09-04T07:25:56.604063,fundus_screening.jpg,VALID,0,No DR,0.9806,,,0.0064,False,ACCEPT,474.21,68.78,55.12,True,True,0.107,31,6,4,
5640bf9e-01a8-49b9-9c04-c493eab796e9,2026-09-04T07:25:55.972006,valid_fundus.jpg,VALID,0,No DR,0.9806,,,0.0064,False,ACCEPT,474.21,68.78,55.12,True,True,0.107,31,6,4,
95a9ec01-03c0-4dc6-8ba7-c8e8764170de,2026-09-04T07:25:55.408687,uniform_gray.jpg,INVALID_IMAGE,,,,,,,,INVALID,0.0,128.0,0.0,False,False,,0,0,0,
de65c7d6-de58-4a70-8442-80074e4433cf,2026-09-04T07:25:55.354655,text_document.jpg,INVALID_IMAGE,,,,,,,,INVALID,5259.5433,238.941275,59.113370538097186,False,False,,0,0,0,
81c7c1e0-88ff-4b5e-a0af-c3f190e155ed,2026-09-04T07:25:55.284384,screenshot.jpg,INVALID_IMAGE,,,,,,,,INVALID,57.843525,44.2530625,24.475741753235873,False,False,,0,0,0,
1afc0a61-efd9-43b5-9b9c-4ed3131c2947,2026-09-04T07:25:55.225703,plain_red.jpg,INVALID_IMAGE,,,,,,,,INVALID,0.0,83.0,0.0,False,False,,0,0,0,
2459f9aa-2bab-4a50-998b-628175e55676,2026-09-04T07:25:55.162681,plain_orange.jpg,INVALID_IMAGE,,,,,,,,INVALID,0.0,136.0,0.0,False,False,,0,0,0,
f292536e-065c-406a-bb83-b8782a74dd83,2026-09-04T07:25:55.089210,orange_circle.jpg,INVALID_IMAGE,,,,,,,,INVALID,398.6951875,68.52354375,67.80882120485384,False,False,,0,0,0,
d60742ff-66ba-4b05-80dd-13eaa0dd42c9,2026-09-04T07:25:54.983990,landscape.jpg,INVALID_IMAGE,,,,,,,,INVALID,13.005,137.5,25.5,False,False,,0,0,0,
8db16237-7f9a-4a9b-9940-2340f976157e,2026-09-04T07:25:54.898820,kettle.jpg,INVALID_IMAGE,,,,,,,,INVALID,188.7277625,207.44295,40.36680979217332,False,False,,0,0,0,
ade53733-682c-4b7b-9568-bfbeb9b19602,2026-09-04T07:25:54.799596,face.jpg,INVALID_IMAGE,,,,,,,,INVALID,178.668625,178.4262625,18.650663869715036,False,False,,0,0,0,
c24b53e7-e74b-47eb-a8fe-a67538bd7fcd,2026-09-04T07:25:54.725197,cartoon.jpg,INVALID_IMAGE,,,,,,,,INVALID,194.5773875,215.97571875,42.85013482091857,False,False,,0,0,0,
271b8a26-0697-4b57-beed-3a05043ca96f,2026-09-04T07:25:54.654333,blue_background.jpg,INVALID_IMAGE,,,,,,,,INVALID,0.0,75.0,0.0,False,False,,0,0,0,
63ae2c5e-8fe4-46e4-b497-3acef81e0ac1,2026-09-04T07:25:54.583579,missminutes.webp,INVALID_IMAGE,,,,,,,,INVALID,0.0,58.39038930017105,36.60468283681473,False,False,,0,0,0,
cadf9473-0eb7-4697-8583-1cf8bd8f485a,2026-09-04T07:25:54.331695,sun.jpg,INVALID_IMAGE,,,,,,,,INVALID,0.0,53.702486153291936,54.63472102316836,False,False,,0,0,0,
c1491416-a5f8-4e4e-a07e-97184491504c,2026-09-04T07:25:54.198419,test_lesions.jpg,VALID,0,No DR,0.9806,,,0.0064,False,ACCEPT,474.21,68.78,55.12,True,True,0.107,31,6,4,
7dd0f8d9-2f71-4f50-80e5-152ac0f41270,2026-09-04T07:25:53.094836,sun.jpg,INVALID_IMAGE,,,,,,,,INVALID,40.202875,176.91959375,24.138608412353864,False,False,,0,0,0,
d51dacc9-a0cc-4c4f-8ae8-be4bf63bc8fd,2026-09-04T07:25:53.027510,blurry_fundus.jpg,LOW_QUALITY,,,,,,,,LOW_QUALITY,1.57,68.77,48.95,False,False,,0,0,0,
cacecf19-2a07-47b3-a338-d12bd20ea7ee,2026-09-04T07:25:52.937069,borderline_fundus.jpg,VALID,0,No DR,0.8547,,,0.0814,False,ACCEPT,17.84,68.79,54.54,True,True,0.0996,54,5,7,
635c2de0-5635-432f-a52d-27cfb1030fe9,2026-09-04T07:25:52.370614,good_fundus.jpg,VALID,0,No DR,0.9806,,,0.0064,False,ACCEPT,474.21,68.78,55.12,True,True,0.107,31,6,4,
dcd23f99-52a5-48a3-88f1-cc28b20d3a89,2026-09-04T07:23:41.942610,test_structures.jpg,VALID,0,No DR,0.9806,,,0.0064,False,ACCEPT,474.21,68.78,55.12,True,True,0.107,31,6,4,
a1f2ff5d-7480-4b92-8678-c37b76e2b6f1,2026-09-04T07:23:40.846109,blurry_fundus.jpg,LOW_QUALITY,,,,,,,,LOW_QUALITY,1.57,68.77,48.95,False,False,,0,0,0,
707e65d7-64fb-4616-a3ef-371adcf19915,2026-09-04T07:23:40.680618,alias_fundus.jpg,VALID,0,No DR,0.9806,,,0.0064,False,ACCEPT,474.21,68.78,55.12,True,True,0.107,31,6,4,
1a201486-c186-458e-9e0c-20101fcd8020,2026-09-04T07:23:39.994660,history_test.jpg,VALID,0,No DR,0.9806,,,0.0064,False,ACCEPT,474.21,68.78,55.12,True,True,0.107,31,6,4,
648dcb9b-5a24-4b3f-995d-923ea312d65f,2026-09-04T07:23:39.315977,test_gradcam.jpg,VALID,0,No DR,0.9806,,,0.0064,False,ACCEPT,474.21,68.78,55.12,True,True,0.107,31,6,4,
6c2ed038-1c03-422b-be8c-7378e9639b85,2026-09-04T07:23:38.618795,blurry_fundus.jpg,LOW_QUALITY,,,,,,,,LOW_QUALITY,1.57,68.77,48.95,False,False,,0,0,0,
ae7f6e81-2e6c-4d79-bc06-feb4ab5fe946,2026-09-04T07:23:38.521364,corrupt.jpg,INVALID_IMAGE,,,,,,,,INVALID,,,,False,False,,0,0,0,
2a23786a-51ac-4779-b6ae-e9abaa71f97d,2026-09-04T07:23:38.473080,cartoon.jpg,INVALID_IMAGE,,,,,,,,INVALID,119.666825,215.37296875,39.17665680046631,False,False,,0,0,0,
3add53bb-fab1-47aa-8f7b-0c83fa17f116,2026-09-04T07:23:38.412025,sun_sky.jpg,INVALID_IMAGE,,,,,,,,INVALID,40.202875,176.91959375,24.138608412353864,False,False,,0,0,0,
aeaba5f3-9ea5-44f6-a755-e90a6484c476,2026-09-04T07:23:38.340756,fundus_screening.jpg,VALID,0,No DR,0.9806,,,0.0064,False,ACCEPT,474.21,68.78,55.12,True,True,0.107,31,6,4,
a0927c94-9a86-4b81-8bef-63d9964c618c,2026-09-04T07:23:37.652250,valid_fundus.jpg,VALID,0,No DR,0.9806,,,0.0064,False,ACCEPT,474.21,68.78,55.12,True,True,0.107,31,6,4,
34a0a343-c3be-45c4-aeac-8f8067146fcb,2026-09-04T07:23:37.074115,uniform_gray.jpg,INVALID_IMAGE,,,,,,,,INVALID,0.0,128.0,0.0,False,False,,0,0,0,
be595448-66ba-4e96-b2a3-3157a1c72e3f,2026-09-04T07:23:37.006619,text_document.jpg,INVALID_IMAGE,,,,,,,,INVALID,5259.5433,238.941275,59.113370538097186,False,False,,0,0,0,
745e58af-1ed6-430a-8237-07d3078b2a3c,2026-09-04T07:23:36.931882,screenshot.jpg,INVALID_IMAGE,,,,,,,,INVALID,57.843525,44.2530625,24.475741753235873,False,False,,0,0,0,
b3e39adf-6f80-4d24-a44d-2c6314c16f86,2026-09-04T07:23:36.866866,plain_red.jpg,INVALID_IMAGE,,,,,,,,INVALID,0.0,83.0,0.0,False,False,,0,0,0,
00408b35-0576-4823-aadc-2f2117982e46,2026-09-04T07:23:36.808746,plain_orange.jpg,INVALID_IMAGE,,,,,,,,INVALID,0.0,136.0,0.0,False,False,,0,0,0,
43854fce-12f4-4300-ab61-c991d9fb66d0,2026-09-04T07:23:36.752964,orange_circle.jpg,INVALID_IMAGE,,,,,,,,INVALID,398.6951875,68.52354375,67.80882120485384,False,False,,0,0,0,
8d1a9e5a-f04a-411f-ad73-266457502a6c,2026-09-04T07:23:36.696915,landscape.jpg,INVALID_IMAGE,,,,,,,,INVALID,13.005,137.5,25.5,False,False,,0,0,0,
e6503981-57f1-4b69-ac47-e3d092cf95e5,2026-09-04T07:23:36.636399,kettle.jpg,INVALID_IMAGE,,,,,,,,INVALID,188.7277625,207.44295,40.36680979217332,False,False,,0,0,0,
75f1e521-13ce-45c8-a692-2f23cb637b2e,2026-09-04T07:23:36.579145,face.jpg,INVALID_IMAGE,,,,,,,,INVALID,178.668625,178.4262625,18.650663869715036,False,False,,0,0,0,
79a7e0ab-c9f5-428a-a1d8-b7daab86e1b0,2026-09-04T07:23:36.512892,cartoon.jpg,INVALID_IMAGE,,,,,,,,INVALID,194.5773875,215.97571875,42.85013482091857,False,False,,0,0,0,
39c35452-9ddc-4fa4-aed8-1a6cf611b887,2026-09-04T07:23:36.434543,blue_background.jpg,INVALID_IMAGE,,,,,,,,INVALID,0.0,75.0,0.0,False,False,,0,0,0,
702f74cc-2141-4cff-8f6f-fe5697abf3a8,2026-09-04T07:23:36.324531,missminutes.webp,INVALID_IMAGE,,,,,,,,INVALID,0.0,58.39038930017105,36.60468283681473,False,False,,0,0,0,
82f51af2-ec3f-4716-b47d-ddd8fe9574ce,2026-09-04T07:23:35.953155,sun.jpg,INVALID_IMAGE,,,,,,,,INVALID,0.0,53.702486153291936,54.63472102316836,False,False,,0,0,0,
84aee440-f030-4852-9045-a67415355e4f,2026-09-04T07:23:35.768820,test_lesions.jpg,VALID,0,No DR,0.9806,,,0.0064,False,ACCEPT,474.21,68.78,55.12,True,True,0.107,31,6,4,
7cc4134e-e1b6-4d0c-9625-a6a6774ff950,2026-09-04T07:23:34.538396,sun.jpg,INVALID_IMAGE,,,,,,,,INVALID,40.202875,176.91959375,24.138608412353864,False,False,,0,0,0,
0eaa36fc-5960-4587-89d5-43f1a286ddca,2026-09-04T07:23:34.476454,blurry_fundus.jpg,LOW_QUALITY,,,,,,,,LOW_QUALITY,1.57,68.77,48.95,False,False,,0,0,0,
80187f2c-b6d5-44bb-8da2-f16ea5bdb156,2026-09-04T07:23:34.388707,borderline_fundus.jpg,VALID,0,No DR,0.8547,,,0.0814,False,ACCEPT,17.84,68.79,54.54,True,True,0.0996,54,5,7,
ea90815c-3ff2-4e6d-95fb-173cac44de53,2026-09-04T07:23:33.834268,good_fundus.jpg,VALID,0,No DR,0.9806,,,0.0064,False,ACCEPT,474.21,68.78,55.12,True,True,0.107,31,6,4,
0943a878-ac01-4dc7-876a-2884a904bd47,2026-09-04T07:12:36.187936,blurry_fundus.jpg,LOW_QUALITY,,,,,,,,LOW_QUALITY,1.57,68.77,48.95,False,False,,0,0,0,
60d14c91-2927-4253-803e-9f4798614e02,2026-09-04T07:12:35.943028,alias_fundus.jpg,VALID,0,No DR,0.9806,,,0.0064,False,ACCEPT,474.21,68.78,55.12,False,False,,0,0,0,
b4194576-11c4-457b-ab31-406391d5f51f,2026-09-04T07:12:35.071932,history_test.jpg,VALID,0,No DR,0.9806,,,0.0064,False,ACCEPT,474.21,68.78,55.12,False,False,,0,0,0,
fc5756f5-340b-44cd-be8b-fc479649c817,2026-09-04T07:12:34.418183,test_gradcam.jpg,VALID,0,No DR,0.9806,,,0.0064,False,ACCEPT,474.21,68.78,55.12,False,False,,0,0,0,
9e6e2f10-c21e-4ae7-a1b5-85dce2a29607,2026-09-04T07:12:33.778964,blurry_fundus.jpg,LOW_QUALITY,,,,,,,,LOW_QUALITY,1.57,68.77,48.95,False,False,,0,0,0,
a711db35-be98-4379-b286-4cccdd1dfa4d,2026-09-04T07:12:33.635401,corrupt.jpg,INVALID_IMAGE,,,,,,,,INVALID,,,,False,False,,0,0,0,
f9a7d9b7-a751-435c-b9b6-550d89e4c622,2026-09-04T07:12:33.586984,cartoon.jpg,INVALID_IMAGE,,,,,,,,INVALID,119.666825,215.37296875,39.17665680046631,False,False,,0,0,0,
e3211121-2f27-4198-b0d9-526e76d826b2,2026-09-04T07:12:33.525351,sun_sky.jpg,INVALID_IMAGE,,,,,,,,INVALID,40.202875,176.91959375,24.138608412353864,False,False,,0,0,0,
3e24c828-f5c9-4949-84ee-c653d96e7cd3,2026-09-04T07:12:33.447232,fundus_screening.jpg,VALID,0,No DR,0.9806,,,0.0064,False,ACCEPT,474.21,68.78,55.12,False,False,,0,0,0,
dfbd0df9-a412-49f9-b898-9e884eadd09b,2026-09-04T07:12:32.887823,valid_fundus.jpg,VALID,0,No DR,0.9806,,,0.0064,False,ACCEPT,474.21,68.78,55.12,False,False,,0,0,0,
b388a935-79f0-49e6-a7b6-e38ba8256625,2026-09-04T07:12:32.347583,uniform_gray.jpg,INVALID_IMAGE,,,,,,,,INVALID,0.0,128.0,0.0,False,False,,0,0,0,
bdd04237-728d-46d5-bec5-461b50b7b39e,2026-09-04T07:12:32.198707,text_document.jpg,INVALID_IMAGE,,,,,,,,INVALID,5259.5433,238.941275,59.113370538097186,False,False,,0,0,0,
86c618fd-de8e-44ca-ad9f-2183f537f942,2026-09-04T07:12:32.127774,screenshot.jpg,INVALID_IMAGE,,,,,,,,INVALID,57.843525,44.2530625,24.475741753235873,False,False,,0,0,0,
db7f09af-a5f5-4700-8ed7-384c898492d9,2026-09-04T07:12:32.068159,plain_red.jpg,INVALID_IMAGE,,,,,,,,INVALID,0.0,83.0,0.0,False,False,,0,0,0,
9256ef4a-2da8-409d-ae7c-75a5b9d1dfde,2026-09-04T07:12:32.009279,plain_orange.jpg,INVALID_IMAGE,,,,,,,,INVALID,0.0,136.0,0.0,False,False,,0,0,0,
e0cda2fc-4050-4284-9c40-362f5339cc28,2026-09-04T07:12:31.948131,orange_circle.jpg,INVALID_IMAGE,,,,,,,,INVALID,398.6951875,68.52354375,67.80882120485384,False,False,,0,0,0,
82e5841e-fbeb-4d4f-a156-1624e241098d,2026-09-04T07:12:31.877367,landscape.jpg,INVALID_IMAGE,,,,,,,,INVALID,13.005,137.5,25.5,False,False,,0,0,0,
9a9baf90-b2e9-43b5-bc02-90813ddff578,2026-09-04T07:12:31.813082,kettle.jpg,INVALID_IMAGE,,,,,,,,INVALID,188.7277625,207.44295,40.36680979217332,False,False,,0,0,0,
93825b0c-7b0e-4d6b-aad8-5ca000aa89ae,2026-09-04T07:12:31.746443,face.jpg,INVALID_IMAGE,,,,,,,,INVALID,178.668625,178.4262625,18.650663869715036,False,False,,0,0,0,
20931498-dc4f-45fe-bca4-cde1acccb94e,2026-09-04T07:12:31.696313,cartoon.jpg,INVALID_IMAGE,,,,,,,,INVALID,194.5773875,215.97571875,42.85013482091857,False,False,,0,0,0,
66c5d97e-1e06-418f-9ac8-a9d30f8f94a6,2026-09-04T07:12:31.647670,blue_background.jpg,INVALID_IMAGE,,,,,,,,INVALID,0.0,75.0,0.0,False,False,,0,0,0,
67169111-b632-4067-ba6f-a3b55190f669,2026-09-04T07:12:31.584727,missminutes.webp,INVALID_IMAGE,,,,,,,,INVALID,0.0,58.39038930017105,36.60468283681473,False,False,,0,0,0,
85259b11-d0d0-462c-93cf-5c82c1e4388f,2026-09-04T07:12:31.360315,sun.jpg,INVALID_IMAGE,,,,,,,,INVALID,0.0,53.702486153291936,54.63472102316836,False,False,,0,0,0,
442477a1-ddff-4a21-bd42-82c26de9c45d,2026-09-04T07:12:30.921854,sun.jpg,INVALID_IMAGE,,,,,,,,INVALID,40.202875,176.91959375,24.138608412353864,False,False,,0,0,0,
c67b6324-bf20-4893-852e-9734043572fa,2026-09-04T07:12:30.867398,blurry_fundus.jpg,LOW_QUALITY,,,,,,,,LOW_QUALITY,1.57,68.77,48.95,False,False,,0,0,0,
6db0c1bd-8614-4f62-88ba-cf13bd632f21,2026-09-04T07:12:30.796032,borderline_fundus.jpg,VALID,0,No DR,0.8547,,,0.0814,False,ACCEPT,17.84,68.79,54.54,False,False,,0,0,0,
6591763e-dc75-4b5b-b6e8-9e8e6725068b,2026-09-04T07:12:30.342401,good_fundus.jpg,VALID,0,No DR,0.9806,,,0.0064,False,ACCEPT,474.21,68.78,55.12,False,False,,0,0,0,
7ad420aa-97ec-4c9f-9f17-f4685f803294,2026-09-04T07:11:16.638373,blurry_fundus.jpg,LOW_QUALITY,,,,,,,,LOW_QUALITY,1.57,68.77,48.95,False,False,,0,0,0,
c1ddd31e-5e90-47fc-868c-3b234f334d26,2026-09-04T07:11:16.453402,alias_fundus.jpg,VALID,0,No DR,0.9806,,,0.0064,False,ACCEPT,474.21,68.78,55.12,False,False,,0,0,0,
246d35a6-c8e6-4fe4-a37a-43586d00fd03,2026-09-04T07:11:15.618883,history_test.jpg,VALID,0,No DR,0.9806,,,0.0064,False,ACCEPT,474.21,68.78,55.12,False,False,,0,0,0,
fb5501b8-3fb5-437a-b4d1-fb7a5cdccdf0,2026-09-04T07:11:15.055025,test_gradcam.jpg,VALID,0,No DR,0.9806,,,0.0064,False,ACCEPT,474.21,68.78,55.12,False,False,,0,0,0,
539920a9-afc1-4e3b-a590-480909ed52d0,2026-09-04T07:11:14.506423,blurry_fundus.jpg,LOW_QUALITY,,,,,,,,LOW_QUALITY,1.57,68.77,48.95,False,False,,0,0,0,
230d4542-2d2d-4673-b747-243cbefd8c0c,2026-09-04T07:11:14.435454,corrupt.jpg,INVALID_IMAGE,,,,,,,,INVALID,,,,False,False,,0,0,0,
0bafbe62-8136-4460-b106-284bcb0fc6ff,2026-09-04T07:11:14.397987,cartoon.jpg,INVALID_IMAGE,,,,,,,,INVALID,119.666825,215.37296875,39.17665680046631,False,False,,0,0,0,
25c04b93-6334-476a-aa29-ffef7558b165,2026-09-04T07:11:14.350318,sun_sky.jpg,INVALID_IMAGE,,,,,,,,INVALID,40.202875,176.91959375,24.138608412353864,False,False,,0,0,0,
7d89db36-2884-49d7-b2d4-5f413783d916,2026-09-04T07:11:14.299285,fundus_screening.jpg,VALID,0,No DR,0.9806,,,0.0064,False,ACCEPT,474.21,68.78,55.12,False,False,,0,0,0,
96f8c70b-86ae-419c-b17c-1fb919c43fa8,2026-09-04T07:11:13.855496,valid_fundus.jpg,VALID,0,No DR,0.9806,,,0.0064,False,ACCEPT,474.21,68.78,55.12,False,False,,0,0,0,
4ce509cd-4cec-40a2-9653-b8608e006e0c,2026-09-04T07:11:13.497841,uniform_gray.jpg,INVALID_IMAGE,,,,,,,,INVALID,0.0,128.0,0.0,False,False,,0,0,0,
c7446d7d-b289-47d2-bbac-1a0756ddee39,2026-09-04T07:11:13.461730,text_document.jpg,INVALID_IMAGE,,,,,,,,INVALID,5259.5433,238.941275,59.113370538097186,False,False,,0,0,0,
e819f1a6-5a85-49e8-8981-f2b98d424f2a,2026-09-04T07:11:13.424124,screenshot.jpg,INVALID_IMAGE,,,,,,,,INVALID,57.843525,44.2530625,24.475741753235873,False,False,,0,0,0,
86841ebe-b832-47a9-b951-c630e0aafb8b,2026-09-04T07:11:13.391568,plain_red.jpg,INVALID_IMAGE,,,,,,,,INVALID,0.0,83.0,0.0,False,False,,0,0,0,
1bba8bc2-0fe5-49b9-b957-75795802d033,2026-09-04T07:11:13.350972,plain_orange.jpg,INVALID_IMAGE,,,,,,,,INVALID,0.0,136.0,0.0,False,False,,0,0,0,
5eae1f8f-737a-4eae-9368-63994a03e7b9,2026-09-04T07:11:13.306478,orange_circle.jpg,INVALID_IMAGE,,,,,,,,INVALID,398.6951875,68.52354375,67.80882120485384,False,False,,0,0,0,
5eac7a56-fef4-46f5-bca9-edc73889fb73,2026-09-04T07:11:13.263803,landscape.jpg,INVALID_IMAGE,,,,,,,,INVALID,13.005,137.5,25.5,False,False,,0,0,0,
330fc7c0-705f-4e88-a92c-3b4f48bec3ac,2026-09-04T07:11:13.229119,kettle.jpg,INVALID_IMAGE,,,,,,,,INVALID,188.7277625,207.44295,40.36680979217332,False,False,,0,0,0,
0bd83575-a2fd-483c-99af-6451afa2fcb6,2026-09-04T07:11:13.195423,face.jpg,INVALID_IMAGE,,,,,,,,INVALID,178.668625,178.4262625,18.650663869715036,False,False,,0,0,0,
4c2a1c8a-988f-4219-940f-8edab10cfe06,2026-09-04T07:11:13.161118,cartoon.jpg,INVALID_IMAGE,,,,,,,,INVALID,194.5773875,215.97571875,42.85013482091857,False,False,,0,0,0,
a601cec4-32d3-4875-87af-f70f2139c059,2026-09-04T07:11:13.127593,blue_background.jpg,INVALID_IMAGE,,,,,,,,INVALID,0.0,75.0,0.0,False,False,,0,0,0,
5ad6214d-6f42-4b7b-8530-e88493aa9b17,2026-09-04T07:11:13.088207,missminutes.webp,INVALID_IMAGE,,,,,,,,INVALID,0.0,58.39038930017105,36.60468283681473,False,False,,0,0,0,
f5abc6ad-0672-491e-aede-145d2e6e201a,2026-09-04T07:11:12.924586,sun.jpg,INVALID_IMAGE,,,,,,,,INVALID,0.0,53.702486153291936,54.63472102316836,False,False,,0,0,0,
1a7ed8b1-a86b-4ee0-9e25-4423e5e2e2df,2026-09-04T07:11:12.603850,sun.jpg,INVALID_IMAGE,,,,,,,,INVALID,40.202875,176.91959375,24.138608412353864,False,False,,0,0,0,
6cf4db18-a574-4af8-a5f7-75db35bb9f6f,2026-09-04T07:11:12.566490,blurry_fundus.jpg,LOW_QUALITY,,,,,,,,LOW_QUALITY,1.57,68.77,48.95,False,False,,0,0,0,
c0dad404-a8cf-4006-8113-884272cd09f4,2026-09-04T07:11:12.511482,borderline_fundus.jpg,VALID,0,No DR,0.8547,,,0.0814,False,ACCEPT,17.84,68.79,54.54,False,False,,0,0,0,
5ee0c13a-65d8-48a9-937e-697a0dc8e4da,2026-09-04T07:11:12.161550,good_fundus.jpg,VALID,0,No DR,0.9806,,,0.0064,False,ACCEPT,474.21,68.78,55.12,False,False,,0,0,0,
84e48cb5-cd94-44e7-920e-4d68359819ec,2026-09-04T07:07:55.036836,blurry_fundus.jpg,LOW_QUALITY,,,,,,,,LOW_QUALITY,1.57,68.77,48.95,False,False,,0,0,0,
ed3d6a3e-70d9-4a3f-ba1e-7c2922339415,2026-09-04T07:07:54.760261,alias_fundus.jpg,VALID,0,No DR,0.9806,,,0.0064,False,ACCEPT,474.21,68.78,55.12,False,False,,0,0,0,
cee08b5a-0520-4569-b4a0-2c3d07a6021b,2026-09-04T07:07:54.319665,history_test.jpg,VALID,0,No DR,0.9806,,,0.0064,False,ACCEPT,474.21,68.78,55.12,False,False,,0,0,0,
1b9583fd-8779-4a24-872c-7766b632b105,2026-09-04T07:07:53.970788,test_gradcam.jpg,VALID,0,No DR,0.9806,,,0.0064,False,ACCEPT,474.21,68.78,55.12,False,False,,0,0,0,
a6a7752a-2b40-48dc-a32c-d529ab5fbcbc,2026-09-04T07:07:53.624318,blurry_fundus.jpg,LOW_QUALITY,,,,,,,,LOW_QUALITY,1.57,68.77,48.95,False,False,,0,0,0,
260a2eb7-87d9-489d-8dd1-be0b316b1a1c,2026-09-04T07:07:53.569306,corrupt.jpg,INVALID_IMAGE,,,,,,,,INVALID,,,,False,False,,0,0,0,
6c03506f-1e63-42b8-8ff6-6df8bcd1cba6,2026-09-04T07:07:53.538610,cartoon.jpg,INVALID_IMAGE,,,,,,,,INVALID,119.666825,215.37296875,39.17665680046631,False,False,,0,0,0,
f7259dc9-0efe-4e75-95a4-d7795eba4e32,2026-09-04T07:07:53.503817,sun_sky.jpg,INVALID_IMAGE,,,,,,,,INVALID,40.202875,176.91959375,24.138608412353864,False,False,,0,0,0,
58e9fc44-7270-48f3-96f5-4b4d50dde520,2026-09-04T07:07:53.470906,fundus_screening.jpg,VALID,0,No DR,0.9806,,,0.0064,False,ACCEPT,474.21,68.78,55.12,False,False,,0,0,0,
07e23d4e-e3a5-41c1-8085-0c89f7836c30,2026-09-04T07:07:53.115180,valid_fundus.jpg,VALID,0,No DR,0.9806,,,0.0064,False,ACCEPT,474.21,68.78,55.12,False,False,,0,0,0,
53198a5c-4282-4275-8020-4153b0eb699a,2026-09-04T07:07:52.764557,uniform_gray.jpg,INVALID_IMAGE,,,,,,,,INVALID,0.0,128.0,0.0,False,False,,0,0,0,
3b8d5a1a-d92e-4e3a-a4e2-8e4d4fa72bc4,2026-09-04T07:07:52.731066,text_document.jpg,INVALID_IMAGE,,,,,,,,INVALID,5259.5433,238.941275,59.113370538097186,False,False,,0,0,0,
7a38230a-2949-40e7-a25a-3b8396566dce,2026-09-04T07:07:52.696436,screenshot.jpg,INVALID_IMAGE,,,,,,,,INVALID,57.843525,44.2530625,24.475741753235873,False,False,,0,0,0,
37c6d92e-4690-4c66-b704-c5fd58f094ce,2026-09-04T07:07:52.670262,plain_red.jpg,INVALID_IMAGE,,,,,,,,INVALID,0.0,83.0,0.0,False,False,,0,0,0,
98fc6d14-ddd4-4d9a-ac90-63c9975c2c9e,2026-09-04T07:07:52.643527,plain_orange.jpg,INVALID_IMAGE,,,,,,,,INVALID,0.0,136.0,0.0,False,False,,0,0,0,
f2cfaabe-174e-4e33-a803-4eee774460a4,2026-09-04T07:07:52.617433,orange_circle.jpg,INVALID_IMAGE,,,,,,,,INVALID,398.6951875,68.52354375,67.80882120485384,False,False,,0,0,0,
00fed525-428b-4e89-9ee4-3b25ac459ce7,2026-09-04T07:07:52.585768,landscape.jpg,INVALID_IMAGE,,,,,,,,INVALID,13.005,137.5,25.5,False,False,,0,0,0,
4347a6a4-a189-4a1a-b4de-5aaac420216e,2026-09-04T07:07:52.559101,kettle.jpg,INVALID_IMAGE,,,,,,,,INVALID,188.7277625,207.44295,40.36680979217332,False,False,,0,0,0,
b4b6a18e-1e0b-4221-a76f-cca8e536e84d,2026-09-04T07:07:52.526424,face.jpg,INVALID_IMAGE,,,,,,,,INVALID,178.668625,178.4262625,18.650663869715036,False,False,,0,0,0,
d27ebe6a-cbcf-4316-9e9a-ab9b2ff065b7,2026-09-04T07:07:52.478251,cartoon.jpg,INVALID_IMAGE,,,,,,,,INVALID,194.5773875,215.97571875,42.85013482091857,False,False,,0,0,0,
9f2b8e90-ec32-4d68-a49f-3bfe97d8668d,2026-09-04T07:07:52.440803,blue_background.jpg,INVALID_IMAGE,,,,,,,,INVALID,0.0,75.0,0.0,False,False,,0,0,0,
3a2f1e4c-abee-4e4c-8155-724a65e21fb9,2026-09-04T07:07:52.399138,missminutes.webp,INVALID_IMAGE,,,,,,,,INVALID,0.0,58.39038930017105,36.60468283681473,False,False,,0,0,0,
6ef1e4fa-a606-43e3-a647-8f227e392400,2026-09-04T07:07:52.253345,sun.jpg,INVALID_IMAGE,,,,,,,,INVALID,0.0,53.702486153291936,54.63472102316836,False,False,,0,0,0,
10a65714-753d-4cf9-bb57-fb926a08b1d0,2026-09-04T07:01:58.285261,blurry_fundus.jpg,LOW_QUALITY,,,,,,,,LOW_QUALITY,1.57,68.77,48.95,False,False,,0,0,0,
2fd4488c-a595-459c-8d9c-09d108e18a0d,2026-09-04T07:01:58.152695,alias_fundus.jpg,VALID,0,No DR,0.9806,,,0.0064,False,ACCEPT,474.21,68.78,55.12,False,False,,0,0,0,
1d948b62-f4ce-4b5e-91f3-9630f47c0605,2026-09-04T07:01:57.725541,history_test.jpg,VALID,0,No DR,0.9806,,,0.0064,False,ACCEPT,474.21,68.78,55.12,False,False,,0,0,0,
2ef70b8a-d760-4a82-9e00-ae32bdd83b9b,2026-09-04T07:01:57.363124,test_gradcam.jpg,VALID,0,No DR,0.9806,,,0.0064,False,ACCEPT,474.21,68.78,55.12,False,False,,0,0,0,
46964166-fee7-4de9-9deb-90c43d49037b,2026-09-04T07:01:57.007625,blurry_fundus.jpg,LOW_QUALITY,,,,,,,,LOW_QUALITY,1.57,68.77,48.95,False,False,,0,0,0,
ec1cb1ad-cc69-4824-84f9-36a85d4931d9,2026-09-04T07:01:56.946927,corrupt.jpg,INVALID_IMAGE,,,,,,,,INVALID,,,,False,False,,0,0,0,
95c76e9b-f559-4eb1-95c1-bfd52e270e20,2026-09-04T07:01:56.914524,cartoon.jpg,INVALID_IMAGE,,,,,,,,INVALID,119.666825,215.37296875,39.17665680046631,False,False,,0,0,0,
880e9021-dd46-4311-a4d5-fe3b1a249da7,2026-09-04T07:01:56.878861,sun_sky.jpg,INVALID_IMAGE,,,,,,,,INVALID,40.202875,176.91959375,24.138608412353864,False,False,,0,0,0,
4cb26ee7-5407-46dc-a85b-701d2a700d20,2026-09-04T07:01:56.834858,fundus_screening.jpg,VALID,0,No DR,0.9806,,,0.0064,False,ACCEPT,474.21,68.78,55.12,False,False,,0,0,0,
a395c4d4-3264-41bb-b7c9-391a8b88903b,2026-09-04T07:01:56.469132,valid_fundus.jpg,VALID,0,No DR,0.9806,,,0.0064,False,ACCEPT,474.21,68.78,55.12,False,False,,0,0,0,
5dd69be8-bf56-4815-8620-980996d1f5c6,2026-09-04T07:01:56.101411,uniform_gray.jpg,INVALID_IMAGE,,,,,,,,INVALID,0.0,128.0,0.0,False,False,,0,0,0,
d6d128fd-da30-4971-85d8-3b3f42cd0a77,2026-09-04T07:01:56.064522,text_document.jpg,INVALID_IMAGE,,,,,,,,INVALID,5259.5433,238.941275,59.113370538097186,False,False,,0,0,0,
e03599fe-7a4d-4245-931d-eb1f54cd345a,2026-09-04T07:01:56.026511,screenshot.jpg,INVALID_IMAGE,,,,,,,,INVALID,57.843525,44.2530625,24.475741753235873,False,False,,0,0,0,
db7c4e2f-c677-4d3d-9c27-1a66ff123bed,2026-09-04T07:01:55.982310,plain_red.jpg,INVALID_IMAGE,,,,,,,,INVALID,0.0,83.0,0.0,False,False,,0,0,0,
66810d07-4218-4c92-bc58-42d08be229a2,2026-09-04T07:01:55.952329,plain_orange.jpg,INVALID_IMAGE,,,,,,,,INVALID,0.0,136.0,0.0,False,False,,0,0,0,
9b325d99-4b74-4473-a48c-e6eee9a14dd8,2026-09-04T07:01:55.923278,orange_circle.jpg,INVALID_IMAGE,,,,,,,,INVALID,398.6951875,68.52354375,67.80882120485384,False,False,,0,0,0,
32867c55-d90d-48d7-b70f-e049e8ead22c,2026-09-04T07:01:55.889358,landscape.jpg,INVALID_IMAGE,,,,,,,,INVALID,13.005,137.5,25.5,False,False,,0,0,0,
51c4641b-0fd0-4b34-9636-4aba142e2100,2026-09-04T07:01:55.848734,kettle.jpg,INVALID_IMAGE,,,,,,,,INVALID,188.7277625,207.44295,40.36680979217332,False,False,,0,0,0,
7a69666d-f89f-4027-9c07-e071a60fa1be,2026-09-04T07:01:55.811866,face.jpg,INVALID_IMAGE,,,,,,,,INVALID,178.668625,178.4262625,18.650663869715036,False,False,,0,0,0,
abfdce2d-2a85-48ad-9899-10bbe72e1575,2026-09-04T07:01:55.778264,cartoon.jpg,INVALID_IMAGE,,,,,,,,INVALID,194.5773875,215.97571875,42.85013482091857,False,False,,0,0,0,
2a6ec30d-c360-4cb8-ab79-ec4ff3bad0f2,2026-09-04T07:01:55.738956,blue_background.jpg,INVALID_IMAGE,,,,,,,,INVALID,0.0,75.0,0.0,False,False,,0,0,0,
d1a5707a-9f30-4b9f-a9de-0a38e6283df6,2026-09-04T07:01:55.694608,missminutes.webp,INVALID_IMAGE,,,,,,,,INVALID,0.0,58.39038930017105,36.60468283681473,False,False,,0,0,0,
d4b5e8d3-8f7c-4b75-a661-c284481185bd,2026-09-04T07:01:55.539239,sun.jpg,INVALID_IMAGE,,,,,,,,INVALID,0.0,53.702486153291936,54.63472102316836,False,False,,0,0,0,
1352b4bc-15d1-4141-b01a-011c79a0274b,2026-09-04T07:01:17.542578,blurry_fundus.jpg,LOW_QUALITY,,,,,,,,LOW_QUALITY,1.57,68.77,48.95,False,False,,0,0,0,
84beaaf1-98ed-489b-ba02-48677f82d91b,2026-09-04T07:01:17.417298,alias_fundus.jpg,VALID,0,No DR,0.9806,,,0.0064,False,ACCEPT,474.21,68.78,55.12,False,False,,0,0,0,
98eb9210-4083-433d-b470-ac07c707c273,2026-09-04T07:01:16.951965,history_test.jpg,VALID,0,No DR,0.9806,,,0.0064,False,ACCEPT,474.21,68.78,55.12,False,False,,0,0,0,
76828f1a-dbe6-432e-877c-ec4f3e047e46,2026-09-04T07:01:16.567216,test_gradcam.jpg,VALID,0,No DR,0.9806,,,0.0064,False,ACCEPT,474.21,68.78,55.12,False,False,,0,0,0,
5c086485-7faa-4349-a989-821003383bb3,2026-09-04T07:01:16.203306,blurry_fundus.jpg,LOW_QUALITY,,,,,,,,LOW_QUALITY,1.57,68.77,48.95,False,False,,0,0,0,
59e6a631-e530-41df-84a5-8a4424c61d05,2026-09-04T07:01:16.146388,corrupt.jpg,INVALID_IMAGE,,,,,,,,INVALID,,,,False,False,,0,0,0,
943f7e47-7bd4-48da-b615-d966186f9a84,2026-09-04T07:01:16.117696,cartoon.jpg,INVALID_IMAGE,,,,,,,,INVALID,119.666825,215.37296875,39.17665680046631,False,False,,0,0,0,
a6535c89-696e-4e87-9d35-10ab0b49d6f8,2026-09-04T07:01:16.075365,sun_sky.jpg,INVALID_IMAGE,,,,,,,,INVALID,40.202875,176.91959375,24.138608412353864,False,False,,0,0,0,
5fbc85df-3c00-4ac0-a3fd-22580b8c1977,2026-09-04T07:01:16.029060,fundus_screening.jpg,VALID,0,No DR,0.9806,,,0.0064,False,ACCEPT,474.21,68.78,55.12,False,False,,0,0,0,
f421d1e1-a082-4a72-8827-9009463d3382,2026-09-04T07:01:15.652094,valid_fundus.jpg,VALID,0,No DR,0.9806,,,0.0064,False,ACCEPT,474.21,68.78,55.12,False,False,,0,0,0,
76de7542-0b95-4165-b840-3481c8af0dec,2026-09-04T07:01:15.226435,uniform_gray.jpg,INVALID_IMAGE,,,,,,,,INVALID,0.0,128.0,0.0,False,False,,0,0,0,
74e9dec9-7050-4904-83b3-9ff341f2ae58,2026-09-04T07:01:15.187511,text_document.jpg,INVALID_IMAGE,,,,,,,,INVALID,5259.5433,238.941275,59.113370538097186,False,False,,0,0,0,
3bfe0c3c-69dc-47ee-bdde-637bd64141a6,2026-09-04T07:01:15.149266,screenshot.jpg,INVALID_IMAGE,,,,,,,,INVALID,57.843525,44.2530625,24.475741753235873,False,False,,0,0,0,
68559ebb-b580-448f-abe8-ab8e437a893e,2026-09-04T07:01:15.116472,plain_red.jpg,INVALID_IMAGE,,,,,,,,INVALID,0.0,83.0,0.0,False,False,,0,0,0,
04381803-5028-48de-a63d-cf2cfa5d52ef,2026-09-04T07:01:15.089148,plain_orange.jpg,INVALID_IMAGE,,,,,,,,INVALID,0.0,136.0,0.0,False,False,,0,0,0,
77818948-9280-434e-8853-586a5601b72c,2026-09-04T07:01:15.061976,orange_circle.jpg,INVALID_IMAGE,,,,,,,,INVALID,398.6951875,68.52354375,67.80882120485384,False,False,,0,0,0,
9eb97e6f-8cad-4198-b8b8-a4af6c153624,2026-09-04T07:01:15.034901,landscape.jpg,INVALID_IMAGE,,,,,,,,INVALID,13.005,137.5,25.5,False,False,,0,0,0,
2e72b96b-94cc-4a0d-88a5-727c215a3673,2026-09-04T07:01:14.990213,kettle.jpg,INVALID_IMAGE,,,,,,,,INVALID,188.7277625,207.44295,40.36680979217332,False,False,,0,0,0,
b08a3bf5-d334-40e0-b63a-4a36c1e2bb8f,2026-09-04T07:01:14.953035,face.jpg,INVALID_IMAGE,,,,,,,,INVALID,178.668625,178.4262625,18.650663869715036,False,False,,0,0,0,
80ebb34e-f27a-4442-bf9e-aaa3c32810de,2026-09-04T07:01:14.905979,cartoon.jpg,INVALID_IMAGE,,,,,,,,INVALID,194.5773875,215.97571875,42.85013482091857,False,False,,0,0,0,
917b3148-234f-4458-b17d-781b4322c596,2026-09-04T07:01:14.868730,blue_background.jpg,INVALID_IMAGE,,,,,,,,INVALID,0.0,75.0,0.0,False,False,,0,0,0,
d08b7d1c-19a4-4dd6-a7c8-03d82d0689fb,2026-09-04T07:01:14.825955,missminutes.webp,INVALID_IMAGE,,,,,,,,INVALID,0.0,58.39038930017105,36.60468283681473,False,False,,0,0,0,
c7d71946-f8c5-43b7-838a-613c1fa1af74,2026-09-04T07:01:14.663037,sun.jpg,INVALID_IMAGE,,,,,,,,INVALID,0.0,53.702486153291936,54.63472102316836,False,False,,0,0,0,
6fc2b917-407f-4846-9463-a469e1477d97,2026-09-04T07:00:27.807726,blurry_fundus.jpg,LOW_QUALITY,,,,,,,,LOW_QUALITY,1.57,68.77,48.95,False,False,,0,0,0,
179531a1-fe97-4c68-8cf9-5cece7a3662e,2026-09-04T07:00:27.576222,alias_fundus.jpg,VALID,0,No DR,0.9806,,,0.0064,False,ACCEPT,474.21,68.78,55.12,False,False,,0,0,0,
ba96a4fb-46bc-492a-afff-a4b64753fbaa,2026-09-04T07:00:27.076535,history_test.jpg,VALID,0,No DR,0.9806,,,0.0064,False,ACCEPT,474.21,68.78,55.12,False,False,,0,0,0,
dd01156c-e343-4cf7-9400-9bb7f7280192,2026-09-04T07:00:26.610397,test_gradcam.jpg,VALID,0,No DR,0.9806,,,0.0064,False,ACCEPT,474.21,68.78,55.12,False,False,,0,0,0,
c43dbc84-0d1f-4b70-9f7e-e2929f2d3cfb,2026-09-04T07:00:26.208427,blurry_fundus.jpg,LOW_QUALITY,,,,,,,,LOW_QUALITY,1.57,68.77,48.95,False,False,,0,0,0,
f21a9604-544b-4263-bf72-430ded7ed44b,2026-09-04T07:00:26.138747,corrupt.jpg,INVALID_IMAGE,,,,,,,,INVALID,,,,False,False,,0,0,0,
91cc02e7-26bd-4a04-9767-da14b660fcbe,2026-09-04T07:00:26.107476,cartoon.jpg,INVALID_IMAGE,,,,,,,,INVALID,119.666825,215.37296875,39.17665680046631,False,False,,0,0,0,
7de9a222-e5e8-427c-b82c-a9205c7b186e,2026-09-04T07:00:26.067484,sun_sky.jpg,INVALID_IMAGE,,,,,,,,INVALID,40.202875,176.91959375,24.138608412353864,False,False,,0,0,0,
a864ebda-4ed8-4ca8-9fab-054efb038a00,2026-09-04T07:00:26.029032,fundus_screening.jpg,VALID,0,No DR,0.9806,,,0.0064,False,ACCEPT,474.21,68.78,55.12,False,False,,0,0,0,
ad0c452d-8354-4488-8a74-078f05d995f8,2026-09-04T07:00:25.633008,valid_fundus.jpg,VALID,0,No DR,0.9806,,,0.0064,False,ACCEPT,474.21,68.78,55.12,False,False,,0,0,0,
8b267ba0-a1a2-479e-a2ad-22de4979c561,2026-09-04T07:00:25.264222,uniform_gray.jpg,INVALID_IMAGE,,,,,,,,INVALID,0.0,128.0,0.0,False,False,,0,0,0,
a03c9191-3a01-4ab9-b8c0-5400c1bb2c71,2026-09-04T07:00:25.224809,text_document.jpg,INVALID_IMAGE,,,,,,,,INVALID,5259.5433,238.941275,59.113370538097186,False,False,,0,0,0,
b0d334db-50ea-4e2c-a523-b6bdc0e35a95,2026-09-04T07:00:25.186530,screenshot.jpg,INVALID_IMAGE,,,,,,,,INVALID,57.843525,44.2530625,24.475741753235873,False,False,,0,0,0,
9ca1ad1f-b41b-447a-90a0-dcded89956cb,2026-09-04T07:00:25.148466,plain_red.jpg,INVALID_IMAGE,,,,,,,,INVALID,0.0,83.0,0.0,False,False,,0,0,0,
23964bb2-f7c3-4026-bdf5-c4f4f404abed,2026-09-04T07:00:25.109662,plain_orange.jpg,INVALID_IMAGE,,,,,,,,INVALID,0.0,136.0,0.0,False,False,,0,0,0,
febeeb1b-b8ce-4e58-bf3d-7aa3b76e5761,2026-09-04T07:00:25.065564,orange_circle.jpg,INVALID_IMAGE,,,,,,,,INVALID,398.6951875,68.52354375,67.80882120485384,False,False,,0,0,0,
64687f51-74dc-4c40-91a2-c32e893341d7,2026-09-04T07:00:25.034429,landscape.jpg,INVALID_IMAGE,,,,,,,,INVALID,13.005,137.5,25.5,False,False,,0,0,0,
f842867c-6456-48c0-8d53-7d11738f4031,2026-09-04T07:00:25.001675,kettle.jpg,INVALID_IMAGE,,,,,,,,INVALID,188.7277625,207.44295,40.36680979217332,False,False,,0,0,0,
16e84cc5-9430-4027-8b52-cb1500c3da8a,2026-09-04T07:00:24.964520,face.jpg,INVALID_IMAGE,,,,,,,,INVALID,178.668625,178.4262625,18.650663869715036,False,False,,0,0,0,
1dabef6b-2da0-4086-8685-bd9f02a571b4,2026-09-04T07:00:24.938599,cartoon.jpg,INVALID_IMAGE,,,,,,,,INVALID,194.5773875,215.97571875,42.85013482091857,False,False,,0,0,0,
f6480d73-94db-4baa-85ff-937c6b68f5f0,2026-09-04T07:00:24.902825,blue_background.jpg,INVALID_IMAGE,,,,,,,,INVALID,0.0,75.0,0.0,False,False,,0,0,0,
36dd6c30-6954-4975-9c1b-b372271d5acb,2026-09-04T07:00:24.859601,missminutes.webp,INVALID_IMAGE,,,,,,,,INVALID,0.0,58.39038930017105,36.60468283681473,False,False,,0,0,0,
d70cb45d-27d9-4ba0-9292-405819662f69,2026-09-04T07:00:24.689324,sun.jpg,INVALID_IMAGE,,,,,,,,INVALID,0.0,53.702486153291936,54.63472102316836,False,False,,0,0,0,
b77d3bce-0dad-4897-b02a-109015ea107c,2026-09-04T06:52:48.598374,alias_fundus.jpg,VALID,0,No DR,0.9806,,,0.0064,False,ACCEPT,474.21,68.78,55.12,False,False,,0,0,0,
964af28a-ed41-4369-bfc8-1731f428707a,2026-09-04T06:52:48.058377,history_test.jpg,VALID,0,No DR,0.9806,,,0.0064,False,ACCEPT,474.21,68.78,55.12,False,False,,0,0,0,
53bbe71d-991b-413f-aaa7-da58ec445e9a,2026-09-04T06:52:47.665475,test_gradcam.jpg,VALID,0,No DR,0.9806,,,0.0064,False,ACCEPT,474.21,68.78,55.12,False,False,,0,0,0,
bf72165e-6e48-476f-bc61-f5453be17e43,2026-09-04T06:52:46.033040,blurry_fundus.jpg,LOW_QUALITY,,,,,,,,LOW_QUALITY,1.57,68.77,48.95,False,False,,0,0,0,
5d4c80bb-8e37-47c4-8928-050729972991,2026-09-04T06:52:45.881595,corrupt.jpg,INVALID_IMAGE,,,,,,,,INVALID,,,,False,False,,0,0,0,
9b3b6f25-a48d-4166-9b9a-8e06993f0556,2026-09-04T06:52:45.820484,cartoon.jpg,INVALID_IMAGE,,,,,,,,INVALID,119.666825,215.37296875,39.17665680046631,False,False,,0,0,0,
6be8f826-dac7-43fa-88ac-472c91b3af4f,2026-09-04T06:52:45.730909,sun_sky.jpg,INVALID_IMAGE,,,,,,,,INVALID,40.202875,176.91959375,24.138608412353864,False,False,,0,0,0,
7924032f-3727-4599-afb2-0ceac3f13186,2026-09-04T06:52:45.650473,fundus_screening.jpg,VALID,0,No DR,0.9806,,,0.0064,False,ACCEPT,474.21,68.78,55.12,False,False,,0,0,0,
c48a6a12-169a-48f0-a339-b3077408925b,2026-09-04T06:52:43.437369,valid_fundus.jpg,VALID,0,No DR,0.9806,,,0.0064,False,ACCEPT,474.21,68.78,55.12,False,False,,0,0,0,
556a6779-76bd-4b33-8215-7c5a4dbe2048,2026-09-04T06:52:41.520211,uniform_gray.jpg,INVALID_IMAGE,,,,,,,,INVALID,0.0,128.0,0.0,False,False,,0,0,0,
e252b3b1-4ab6-4065-b4f4-4110c9085556,2026-09-04T06:52:41.479018,text_document.jpg,INVALID_IMAGE,,,,,,,,INVALID,5259.5433,238.941275,59.113370538097186,False,False,,0,0,0,
630089a7-a92b-40d3-af84-aa2f1fa90fa2,2026-09-04T06:52:41.448651,screenshot.jpg,INVALID_IMAGE,,,,,,,,INVALID,57.843525,44.2530625,24.475741753235873,False,False,,0,0,0,
7883adc0-211e-45f8-8cd3-97238874691e,2026-09-04T06:52:41.406713,plain_red.jpg,INVALID_IMAGE,,,,,,,,INVALID,0.0,83.0,0.0,False,False,,0,0,0,
a0d966b9-4444-499c-a681-bc80f321b1a4,2026-09-04T06:52:41.372656,plain_orange.jpg,INVALID_IMAGE,,,,,,,,INVALID,0.0,136.0,0.0,False,False,,0,0,0,
17327d6f-2ea5-446d-85ab-d94b50dc9eeb,2026-09-04T06:52:41.337180,orange_circle.jpg,INVALID_IMAGE,,,,,,,,INVALID,398.6951875,68.52354375,67.80882120485384,False,False,,0,0,0,
1a0bdd08-e2b4-46a6-be39-0ce5aacd2254,2026-09-04T06:52:41.300721,landscape.jpg,INVALID_IMAGE,,,,,,,,INVALID,13.005,137.5,25.5,False,False,,0,0,0,
8bb3c242-c738-4354-85f8-b0caea092fe4,2026-09-04T06:52:41.268821,kettle.jpg,INVALID_IMAGE,,,,,,,,INVALID,188.7277625,207.44295,40.36680979217332,False,False,,0,0,0,
f9fa4813-0bcf-42e3-889a-d7cb817fe6bb,2026-09-04T06:52:41.233320,face.jpg,INVALID_IMAGE,,,,,,,,INVALID,178.668625,178.4262625,18.650663869715036,False,False,,0,0,0,
21c14bbd-1cbe-4a59-8e53-768ec887eb0a,2026-09-04T06:52:41.199692,cartoon.jpg,INVALID_IMAGE,,,,,,,,INVALID,194.5773875,215.97571875,42.85013482091857,False,False,,0,0,0,
432ee849-af4e-44f1-ad2b-3a8bb3a1a568,2026-09-04T06:52:41.164659,blue_background.jpg,INVALID_IMAGE,,,,,,,,INVALID,0.0,75.0,0.0,False,False,,0,0,0,
09521bb7-3efc-480e-974e-41d60fe85bd5,2026-09-04T06:52:41.123253,missminutes.webp,INVALID_IMAGE,,,,,,,,INVALID,0.0,58.39038930017105,36.60468283681473,False,False,,0,0,0,
a2fe520d-d07e-4b62-89a2-afed2965f302,2026-09-04T06:52:40.964495,sun.jpg,INVALID_IMAGE,,,,,,,,INVALID,0.0,53.702486153291936,54.63472102316836,False,False,,0,0,0,
a279cf7a-e568-4800-85fb-095098fe0946,2026-09-04T06:51:28.631857,alias_fundus.jpg,VALID,0,No DR,0.9806,,,0.0064,False,ACCEPT,474.21,68.78,55.12,False,False,,0,0,0,
693fdbf3-ee14-48fa-9e1d-0d034a0944fb,2026-09-04T06:51:28.217296,history_test.jpg,VALID,0,No DR,0.9806,,,0.0064,False,ACCEPT,474.21,68.78,55.12,False,False,,0,0,0,
a0aa6b7b-4037-4a8b-8874-6ad903a56fdd,2026-09-04T06:51:27.844782,test_gradcam.jpg,VALID,0,No DR,0.9806,,,0.0064,False,ACCEPT,474.21,68.78,55.12,False,False,,0,0,0,
1fad4ed3-ace3-4174-9487-f96ebbbcbab6,2026-09-04T06:51:27.498238,blurry_fundus.jpg,LOW_QUALITY,,,,,,,,LOW_QUALITY,1.57,68.77,48.95,False,False,,0,0,0,
ef3d33f7-1d26-4091-859e-c14f15a820b6,2026-09-04T06:51:27.430564,corrupt.jpg,INVALID_IMAGE,,,,,,,,INVALID,,,,False,False,,0,0,0,
fdc34ab7-f643-41a0-ab2f-6e3392f82174,2026-09-04T06:51:27.400737,cartoon.jpg,INVALID_IMAGE,,,,,,,,INVALID,119.666825,215.37296875,39.17665680046631,False,False,,0,0,0,
02c4698c-decf-4e82-ba39-69ad9ef3078b,2026-09-04T06:51:27.363942,sun_sky.jpg,INVALID_IMAGE,,,,,,,,INVALID,40.202875,176.91959375,24.138608412353864,False,False,,0,0,0,
da4d941b-2892-4ab5-a895-fab7d364d0a3,2026-09-04T06:51:27.328398,fundus_screening.jpg,VALID,0,No DR,0.9806,,,0.0064,False,ACCEPT,474.21,68.78,55.12,False,False,,0,0,0,
4e06b37e-0fc8-4d2c-93e0-ac10b5369a01,2026-09-04T06:51:26.966491,valid_fundus.jpg,VALID,0,No DR,0.9806,,,0.0064,False,ACCEPT,474.21,68.78,55.12,False,False,,0,0,0,
f475761f-bab6-461b-af43-a0f4708c6430,2026-09-04T06:51:26.610771,uniform_gray.jpg,INVALID_IMAGE,,,,,,,,INVALID,0.0,128.0,0.0,False,False,,0,0,0,
23968802-8f60-49cf-996e-bdfaae39ba7d,2026-09-04T06:51:26.574269,text_document.jpg,INVALID_IMAGE,,,,,,,,INVALID,5259.5433,238.941275,59.113370538097186,False,False,,0,0,0,
2b06365b-d162-441a-a476-01e734516a09,2026-09-04T06:51:26.541151,screenshot.jpg,INVALID_IMAGE,,,,,,,,INVALID,57.843525,44.2530625,24.475741753235873,False,False,,0,0,0,
c1c2243a-ac0c-4204-ba48-02335d4e85c5,2026-09-04T06:51:26.515376,plain_red.jpg,INVALID_IMAGE,,,,,,,,INVALID,0.0,83.0,0.0,False,False,,0,0,0,
922bb155-3504-4e98-b103-56b5dd9ad40e,2026-09-04T06:51:26.492929,plain_orange.jpg,INVALID_IMAGE,,,,,,,,INVALID,0.0,136.0,0.0,False,False,,0,0,0,
106207b5-0e9b-4aee-b23e-7466660c18d1,2026-09-04T06:51:26.469755,orange_circle.jpg,INVALID_IMAGE,,,,,,,,INVALID,398.6951875,68.52354375,67.80882120485384,False,False,,0,0,0,
2f9aab4c-b1d2-4b09-baed-be180cc4d77c,2026-09-04T06:51:26.444977,landscape.jpg,INVALID_IMAGE,,,,,,,,INVALID,13.005,137.5,25.5,False,False,,0,0,0,
d71e22cf-2faf-44d1-bc32-d7e6d4dbd9bb,2026-09-04T06:51:26.419891,kettle.jpg,INVALID_IMAGE,,,,,,,,INVALID,188.7277625,207.44295,40.36680979217332,False,False,,0,0,0,
77f07762-734d-40ed-a381-63c4e9bdb481,2026-09-04T06:51:26.381165,face.jpg,INVALID_IMAGE,,,,,,,,INVALID,178.668625,178.4262625,18.650663869715036,False,False,,0,0,0,
f4688b3c-0ef6-42fa-bf92-0824896f1ddb,2026-09-04T06:51:26.342027,cartoon.jpg,INVALID_IMAGE,,,,,,,,INVALID,194.5773875,215.97571875,42.85013482091857,False,False,,0,0,0,
3de5883a-ce60-4142-952c-fd8f73f9298a,2026-09-04T06:51:26.310489,blue_background.jpg,INVALID_IMAGE,,,,,,,,INVALID,0.0,75.0,0.0,False,False,,0,0,0,
e69a5fd2-7333-44e8-80b8-2ca9f92d2056,2026-09-04T06:51:26.267350,missminutes.webp,INVALID_IMAGE,,,,,,,,INVALID,0.0,58.39038930017105,36.60468283681473,False,False,,0,0,0,
a424b9cb-1211-4f41-ab3d-be293c690c0e,2026-09-04T06:51:26.117499,sun.jpg,INVALID_IMAGE,,,,,,,,INVALID,0.0,53.702486153291936,54.63472102316836,False,False,,0,0,0,
73854e23-dc67-403b-a36d-b273c96140a0,2026-09-04T06:50:58.679136,alias_fundus.jpg,VALID,0,No DR,0.9806,,,0.0064,False,ACCEPT,474.21,68.78,55.12,False,False,,0,0,0,
3b3fbb87-2736-4d78-8a0b-7f037e67e9ae,2026-09-04T06:50:58.297435,history_test.jpg,VALID,0,No DR,0.9806,,,0.0064,False,ACCEPT,474.21,68.78,55.12,False,False,,0,0,0,
0cc45a7c-7a30-4aa0-9846-570ef712c5cc,2026-09-04T06:50:57.905339,test_gradcam.jpg,VALID,0,No DR,0.9806,,,0.0064,False,ACCEPT,474.21,68.78,55.12,False,False,,0,0,0,
735bb432-e2cf-4c0f-a61b-7fb1495478b7,2026-09-04T06:50:57.540757,blurry_fundus.jpg,LOW_QUALITY,,,,,,,,LOW_QUALITY,1.57,68.77,48.95,False,False,,0,0,0,
4f8da3ff-00be-4241-8cc6-eaafa136f800,2026-09-04T06:50:57.488162,corrupt.jpg,INVALID_IMAGE,,,,,,,,INVALID,,,,False,False,,0,0,0,
7708843f-7a91-4e33-ab2b-3a33add2cfe2,2026-09-04T06:50:57.463785,cartoon.jpg,INVALID_IMAGE,,,,,,,,INVALID,119.666825,215.37296875,39.17665680046631,False,False,,0,0,0,
ad0986ec-3e0a-4555-9445-093b313d5980,2026-09-04T06:50:57.426987,sun_sky.jpg,INVALID_IMAGE,,,,,,,,INVALID,40.202875,176.91959375,24.138608412353864,False,False,,0,0,0,
7d619958-20bf-43ef-99f4-b5cf9ca5faeb,2026-09-04T06:50:57.395589,fundus_screening.jpg,VALID,0,No DR,0.9806,,,0.0064,False,ACCEPT,474.21,68.78,55.12,False,False,,0,0,0,
157289ab-694b-4d47-aeb8-9ada8a6daccb,2026-09-04T06:50:57.008776,valid_fundus.jpg,VALID,0,No DR,0.9806,,,0.0064,False,ACCEPT,474.21,68.78,55.12,False,False,,0,0,0,
b0117c7a-7d3d-481e-8032-7f9a95842a66,2026-09-04T06:50:56.658425,uniform_gray.jpg,INVALID_IMAGE,,,,,,,,INVALID,0.0,128.0,0.0,False,False,,0,0,0,
fa6ffc22-0c31-498c-9209-fac47870632e,2026-09-04T06:50:56.627363,text_document.jpg,INVALID_IMAGE,,,,,,,,INVALID,5259.5433,238.941275,59.113370538097186,False,False,,0,0,0,
9667f2c4-55b8-41f3-a2d9-52c0fd1a2e04,2026-09-04T06:50:56.591507,screenshot.jpg,INVALID_IMAGE,,,,,,,,INVALID,57.843525,44.2530625,24.475741753235873,False,False,,0,0,0,
5f5c1307-5dda-4b4f-a451-377f947cf0be,2026-09-04T06:50:56.562891,plain_red.jpg,INVALID_IMAGE,,,,,,,,INVALID,0.0,83.0,0.0,False,False,,0,0,0,
e45a6bf0-d9ee-4c38-894b-8b61d9bda063,2026-09-04T06:50:56.524125,plain_orange.jpg,INVALID_IMAGE,,,,,,,,INVALID,0.0,136.0,0.0,False,False,,0,0,0,
8e0cd839-bf05-4332-b98c-08f3175c1de6,2026-09-04T06:50:56.487464,orange_circle.jpg,INVALID_IMAGE,,,,,,,,INVALID,398.6951875,68.52354375,67.80882120485384,False,False,,0,0,0,
983a1659-2940-4b24-a3a7-e7d754963ca1,2026-09-04T06:50:56.453957,landscape.jpg,INVALID_IMAGE,,,,,,,,INVALID,13.005,137.5,25.5,False,False,,0,0,0,
de11be26-7842-4e1d-8bb5-d6837797dab4,2026-09-04T06:50:56.417925,kettle.jpg,INVALID_IMAGE,,,,,,,,INVALID,188.7277625,207.44295,40.36680979217332,False,False,,0,0,0,
600357e2-b509-4ba5-aad8-aefdea17eb0b,2026-09-04T06:50:56.386836,face.jpg,INVALID_IMAGE,,,,,,,,INVALID,178.668625,178.4262625,18.650663869715036,False,False,,0,0,0,
8d683fc2-ec9b-46d4-8598-3374a311d9f5,2026-09-04T06:50:56.357780,cartoon.jpg,INVALID_IMAGE,,,,,,,,INVALID,194.5773875,215.97571875,42.85013482091857,False,False,,0,0,0,
b58351c2-370f-4a7d-a57b-e23b12d3b217,2026-09-04T06:50:56.324258,blue_background.jpg,INVALID_IMAGE,,,,,,,,INVALID,0.0,75.0,0.0,False,False,,0,0,0,
148d952c-d95c-449f-bf0c-d3bfb8c76a27,2026-09-04T06:50:56.285726,missminutes.webp,INVALID_IMAGE,,,,,,,,INVALID,0.0,58.39038930017105,36.60468283681473,False,False,,0,0,0,
65850460-858c-4bc8-9e3e-effc980182f2,2026-09-04T06:50:56.126176,sun.jpg,INVALID_IMAGE,,,,,,,,INVALID,0.0,53.702486153291936,54.63472102316836,False,False,,0,0,0,
e6a52573-d4ab-4550-9d88-ffbca4fc19f2,2026-09-04T06:50:33.071089,alias_fundus.jpg,VALID,0,No DR,0.9806,,,0.0064,False,ACCEPT,474.21,68.78,55.12,False,False,,0,0,0,
d6df1b4c-c213-4b6e-99b8-9a429b979b3d,2026-09-04T06:50:32.608172,history_test.jpg,VALID,0,No DR,0.9806,,,0.0064,False,ACCEPT,474.21,68.78,55.12,False,False,,0,0,0,
4c74dd61-dd5d-4bf4-9a60-436093ef9047,2026-09-04T06:50:32.205573,test_gradcam.jpg,VALID,0,No DR,0.9806,,,0.0064,False,ACCEPT,474.21,68.78,55.12,False,False,,0,0,0,
ae2c5be8-da92-459e-8469-a14c2ea3affe,2026-09-04T06:50:31.836274,blurry_fundus.jpg,LOW_QUALITY,,,,,,,,LOW_QUALITY,1.57,68.77,48.95,False,False,,0,0,0,
eed455d2-4074-4442-b7a0-ad42393bebab,2026-09-04T06:50:31.780524,corrupt.jpg,INVALID_IMAGE,,,,,,,,INVALID,,,,False,False,,0,0,0,
6d1cab3e-f235-4818-afa5-d2767344f99c,2026-09-04T06:50:31.703228,cartoon.jpg,INVALID_IMAGE,,,,,,,,INVALID,119.666825,215.37296875,39.17665680046631,False,False,,0,0,0,
077e4953-2a02-43fb-8cee-75b919f26d06,2026-09-04T06:50:31.668556,sun_sky.jpg,INVALID_IMAGE,,,,,,,,INVALID,40.202875,176.91959375,24.138608412353864,False,False,,0,0,0,
bfaa7351-e740-43e6-8435-46b4c2401bd8,2026-09-04T06:50:31.633504,fundus_screening.jpg,VALID,0,No DR,0.9806,,,0.0064,False,ACCEPT,474.21,68.78,55.12,False,False,,0,0,0,
577abb59-e575-4917-bf75-e5e80d6d3fc0,2026-09-04T06:50:31.236146,valid_fundus.jpg,VALID,0,No DR,0.9806,,,0.0064,False,ACCEPT,474.21,68.78,55.12,False,False,,0,0,0,
fd69ffef-ea99-4729-bc1c-bbb06a3895c5,2026-09-04T06:50:30.864243,uniform_gray.jpg,INVALID_IMAGE,,,,,,,,INVALID,0.0,128.0,0.0,False,False,,0,0,0,
bea16eb5-fe82-4898-96d6-b12d6733b13a,2026-09-04T06:50:30.829593,text_document.jpg,INVALID_IMAGE,,,,,,,,INVALID,5259.5433,238.941275,59.113370538097186,False,False,,0,0,0,
cd17d50c-1519-4c2b-969b-35c67faef9a9,2026-09-04T06:50:30.792273,screenshot.jpg,INVALID_IMAGE,,,,,,,,INVALID,57.843525,44.2530625,24.475741753235873,False,False,,0,0,0,
5436b7d6-c5f0-43e6-a50e-284f1fdf481a,2026-09-04T06:50:30.760989,plain_red.jpg,INVALID_IMAGE,,,,,,,,INVALID,0.0,83.0,0.0,False,False,,0,0,0,
8b622340-3699-4dd4-a5d3-ee87fa4c55a4,2026-09-04T06:50:30.721872,plain_orange.jpg,INVALID_IMAGE,,,,,,,,INVALID,0.0,136.0,0.0,False,False,,0,0,0,
cfbc2240-0b26-4d72-9cd4-a1bc7ef073e9,2026-09-04T06:50:30.683429,orange_circle.jpg,INVALID_IMAGE,,,,,,,,INVALID,398.6951875,68.52354375,67.80882120485384,False,False,,0,0,0,
2931d4b7-c126-45f6-94bf-74acc6d210d5,2026-09-04T06:50:30.652505,landscape.jpg,INVALID_IMAGE,,,,,,,,INVALID,13.005,137.5,25.5,False,False,,0,0,0,
bffa30c2-23e8-42d3-aaca-b8cef8e13674,2026-09-04T06:50:30.616406,kettle.jpg,INVALID_IMAGE,,,,,,,,INVALID,188.7277625,207.44295,40.36680979217332,False,False,,0,0,0,
2440ee59-7f91-489d-951a-d36dbdbc6a22,2026-09-04T06:50:30.585467,face.jpg,INVALID_IMAGE,,,,,,,,INVALID,178.668625,178.4262625,18.650663869715036,False,False,,0,0,0,
1c270be1-8d82-4dcf-8271-9f0b1fe01c8c,2026-09-04T06:50:30.560581,cartoon.jpg,INVALID_IMAGE,,,,,,,,INVALID,194.5773875,215.97571875,42.85013482091857,False,False,,0,0,0,
ca9a537e-4a93-4de0-abc5-97202a676e5c,2026-09-04T06:50:30.530472,blue_background.jpg,INVALID_IMAGE,,,,,,,,INVALID,0.0,75.0,0.0,False,False,,0,0,0,
fd3b4d93-b298-4134-8f58-78be1c65226d,2026-09-04T06:47:14.694681,alias_fundus.jpg,VALID,0,No DR,0.9806,,,0.0064,False,ACCEPT,474.21,68.78,55.12,False,False,,0,0,0,
cb9b9153-9ddc-48a2-9697-ad4aa0d63760,2026-09-04T06:47:14.289279,history_test.jpg,VALID,0,No DR,0.9806,,,0.0064,False,ACCEPT,474.21,68.78,55.12,False,False,,0,0,0,
7686cab0-9d44-449c-9590-a1a3b26d91b4,2026-09-04T06:47:13.929418,test_gradcam.jpg,VALID,0,No DR,0.9806,,,0.0064,False,ACCEPT,474.21,68.78,55.12,False,False,,0,0,0,
e8e39f76-d444-4633-956e-ff913f758fde,2026-09-04T06:47:13.503153,blurry_fundus.jpg,INVALID_IMAGE,,,,,,,,INVALID,1.5715484162792563,68.77232360839844,48.94501895995142,False,False,,0,0,0,
5968b514-bb66-4a73-acf9-410a2e683716,2026-09-04T06:47:13.450609,corrupt.jpg,INVALID_IMAGE,,,,,,,,INVALID,,,,False,False,,0,0,0,
ee38ed94-60c6-4ad2-b06d-f80704082be6,2026-09-04T06:47:13.422236,cartoon.jpg,INVALID_IMAGE,,,,,,,,INVALID,119.666825,215.37296875,39.17665680046631,False,False,,0,0,0,
d0ced597-07ff-4c1f-88ed-bea0e55b9330,2026-09-04T06:47:13.393395,sun_sky.jpg,INVALID_IMAGE,,,,,,,,INVALID,40.202875,176.91959375,24.138608412353864,False,False,,0,0,0,
2d6b3bd1-d86f-4432-b584-5e87ffb176c2,2026-09-04T06:47:13.357226,fundus_screening.jpg,VALID,0,No DR,0.9806,,,0.0064,False,ACCEPT,474.21,68.78,55.12,False,False,,0,0,0,
3d0ea3d7-1009-4401-ad78-c5c0181620b8,2026-09-04T06:47:12.982526,valid_fundus.jpg,VALID,0,No DR,0.9806,,,0.0064,False,ACCEPT,474.21,68.78,55.12,False,False,,0,0,0,
7a962e8b-040f-47b7-9a09-6e503f671f93,2026-09-04T06:47:12.649233,uniform_gray.jpg,INVALID_IMAGE,,,,,,,,INVALID,0.0,128.0,0.0,False,False,,0,0,0,
43c30921-4e1f-45ee-912f-ec7c35159b2c,2026-09-04T06:47:12.616030,text_document.jpg,INVALID_IMAGE,,,,,,,,INVALID,5259.5433,238.941275,59.113370538097186,False,False,,0,0,0,
3e0c94fb-6265-4759-82b1-0d328525e207,2026-09-04T06:47:12.582868,screenshot.jpg,INVALID_IMAGE,,,,,,,,INVALID,57.843525,44.2530625,24.475741753235873,False,False,,0,0,0,
f8ec4069-548a-440d-a25e-fe72caa5a775,2026-09-04T06:47:12.548253,plain_red.jpg,INVALID_IMAGE,,,,,,,,INVALID,0.0,83.0,0.0,False,False,,0,0,0,
d637e371-20ff-4c3e-aa75-ff411bfd62b9,2026-09-04T06:47:12.516021,plain_orange.jpg,INVALID_IMAGE,,,,,,,,INVALID,0.0,136.0,0.0,False,False,,0,0,0,
bd7a4e9e-c4a2-47e9-919f-2eb3b9d7c1c4,2026-09-04T06:47:12.478299,orange_circle.jpg,INVALID_IMAGE,,,,,,,,INVALID,398.6951875,68.52354375,67.80882120485384,False,False,,0,0,0,
22658f0c-322b-476b-8228-08050e949b27,2026-09-04T06:47:12.442226,landscape.jpg,INVALID_IMAGE,,,,,,,,INVALID,13.005,137.5,25.5,False,False,,0,0,0,
106d9726-9dd2-4321-af12-e979775362b9,2026-09-04T06:47:12.414390,kettle.jpg,INVALID_IMAGE,,,,,,,,INVALID,188.7277625,207.44295,40.36680979217332,False,False,,0,0,0,
5c76aea2-dda3-44e9-9683-c96e19af6ee7,2026-09-04T06:47:12.379561,face.jpg,INVALID_IMAGE,,,,,,,,INVALID,178.668625,178.4262625,18.650663869715036,False,False,,0,0,0,
003dd6b7-7b4f-4ac7-a9ac-0b51b4f3c9bd,2026-09-04T06:47:12.348288,cartoon.jpg,INVALID_IMAGE,,,,,,,,INVALID,194.5773875,215.97571875,42.85013482091857,False,False,,0,0,0,
8374d4d9-fdf0-49ea-b63a-fd8b3a6c19f4,2026-09-04T06:47:12.314496,blue_background.jpg,INVALID_IMAGE,,,,,,,,INVALID,0.0,75.0,0.0,False,False,,0,0,0,
28ab043d-2e7e-4cc0-a681-32957f9a20a2,2026-09-04T06:47:12.276696,missminutes.webp,INVALID_IMAGE,,,,,,,,INVALID,0.0,58.39038930017105,36.60468283681473,False,False,,0,0,0,
fe9009c9-4a95-4bcb-a4c7-d7174350d96d,2026-09-04T06:47:12.132065,sun.jpg,INVALID_IMAGE,,,,,,,,INVALID,0.0,53.702486153291936,54.63472102316836,False,False,,0,0,0,
ec62b5f0-5eee-420b-877d-e76def8901e9,2026-09-04T06:41:04.240076,alias_fundus.jpg,VALID,0,No DR,0.9806,,,0.0064,False,ACCEPT,474.21,68.78,55.12,False,False,,0,0,0,
efd3475c-57da-489a-bf4b-cf97e7c355a7,2026-09-04T06:41:02.450966,history_test.jpg,VALID,0,No DR,0.9806,,,0.0064,False,ACCEPT,474.21,68.78,55.12,False,False,,0,0,0,
5b2b312e-9e65-4c69-93fb-15fcf6d683d6,2026-09-04T06:41:01.998671,test_gradcam.jpg,VALID,0,No DR,0.9806,,,0.0064,False,ACCEPT,474.21,68.78,55.12,False,False,,0,0,0,
003518d3-eeb5-4891-933b-556bb196cf09,2026-09-04T06:41:01.600810,blurry_fundus.jpg,LOW_QUALITY,,,,,,,,LOW_QUALITY,1.57,68.77,48.95,False,False,,0,0,0,
37698170-1667-4ff0-a4bd-cb23377ff68a,2026-09-04T06:41:01.547836,corrupt.jpg,INVALID_IMAGE,,,,,,,,INVALID,,,,False,False,,0,0,0,
f545867c-f3d8-44c5-9cdc-7b1e526ddc57,2026-09-04T06:41:01.524956,cartoon.jpg,INVALID_IMAGE,,,,,,,,INVALID,119.666825,215.37296875,39.17665680046631,False,False,,0,0,0,
265262eb-797b-4c0c-b042-d818160a7eeb,2026-09-04T06:41:01.494281,sun_sky.jpg,INVALID_IMAGE,,,,,,,,INVALID,40.202875,176.91959375,24.138608412353864,False,False,,0,0,0,
340fd6f2-f161-4939-9683-f1296855e855,2026-09-04T06:41:01.463043,fundus_screening.jpg,VALID,0,No DR,0.9806,,,0.0064,False,ACCEPT,474.21,68.78,55.12,False,False,,0,0,0,
aa5eaca0-fd43-4ce8-b671-582e11af5c70,2026-09-04T06:41:01.078296,missminutes.webp,INVALID_IMAGE,,,,,,,,INVALID,0.0,58.39038930017105,36.60468283681473,False,False,,0,0,0,
359f08f7-74d1-4710-bc0b-e8a5a65d728f,2026-09-04T06:41:00.937580,sun.jpg,INVALID_IMAGE,,,,,,,,INVALID,0.0,53.702486153291936,54.63472102316836,False,False,,0,0,0,
1a4db232-225b-4b31-a7eb-d6461e804753,2026-09-04T06:24:09.862781,alias_fundus.jpg,VALID,0,No DR,0.9806,,,0.0064,False,ACCEPT,474.21,68.78,55.12,False,False,,0,0,0,
5ace489a-58a9-40c7-8707-549f006e22e6,2026-09-04T06:24:09.437345,history_test.jpg,VALID,0,No DR,0.9806,,,0.0064,False,ACCEPT,474.21,68.78,55.12,False,False,,0,0,0,
366fe051-b109-49e7-87ed-d23fd812c427,2026-09-04T06:24:09.052111,test_gradcam.jpg,VALID,0,No DR,0.9806,,,0.0064,False,ACCEPT,474.21,68.78,55.12,False,False,,0,0,0,
26228601-9287-4684-a6bd-b1986cb6b5ea,2026-09-04T06:24:08.697808,blurry_fundus.jpg,LOW_QUALITY,,,,,,,,LOW_QUALITY,1.57,68.77,48.95,False,False,,0,0,0,
36665f65-24f7-4a5b-8366-6a60157d98f3,2026-09-04T06:24:08.651544,corrupt.jpg,INVALID_IMAGE,,,,,,,,INVALID,,,,False,False,,0,0,0,
e70b669d-bed5-499c-a49b-b1528be2ee7d,2026-09-04T06:24:08.631274,cartoon.jpg,INVALID_IMAGE,,,,,,,,INVALID,119.666825,215.37296875,39.17665680046631,False,False,,0,0,0,
227ed7ad-1c36-4531-93cf-063bb944e2c1,2026-09-04T06:24:08.604219,sun_sky.jpg,INVALID_IMAGE,,,,,,,,INVALID,40.202875,176.91959375,24.138608412353864,False,False,,0,0,0,
61a45c61-0d67-47a5-82fc-c800c961c055,2026-09-04T06:24:08.575164,fundus_screening.jpg,VALID,0,No DR,0.9806,,,0.0064,False,ACCEPT,474.21,68.78,55.12,False,False,,0,0,0,
4cc0af7b-ce5d-44e6-bfa0-b2cdd663b0d1,2026-09-04T06:24:08.197396,missminutes.webp,INVALID_IMAGE,,,,,,,,INVALID,0.0,58.39038930017105,36.60468283681473,False,False,,0,0,0,
ecd9d9e1-4b86-4027-bebc-281a80e56dd0,2026-09-04T06:24:08.032112,sun.jpg,INVALID_IMAGE,,,,,,,,INVALID,0.0,53.702486153291936,54.63472102316836,False,False,,0,0,0,
c92e130f-9e52-4041-a140-7a9cdc910767,2026-09-04T06:19:41.234908,alias_fundus.jpg,VALID,0,No DR,0.9806,,,0.0194,False,ACCEPT,474.21,68.78,55.12,False,False,,0,0,0,
b9697c97-4e5b-4a62-94af-84ef8d46a805,2026-09-04T06:19:39.252383,history_test.jpg,VALID,0,No DR,0.9806,,,0.0194,False,ACCEPT,474.21,68.78,55.12,False,False,,0,0,0,
17f1b174-b03d-44ab-beba-c1b0cee0c01a,2026-09-04T06:19:37.204814,test_gradcam.jpg,VALID,0,No DR,0.9806,,,0.0194,False,ACCEPT,474.21,68.78,55.12,False,False,,0,0,0,
35cf1160-0922-4295-8544-bdd365a2c1c2,2026-09-04T06:19:36.792869,blurry_fundus.jpg,LOW_QUALITY,,,,,,,,LOW_QUALITY,1.57,68.77,48.95,False,False,,0,0,0,
a2598774-242c-4f66-8bf2-0c23b3d8952f,2026-09-04T06:19:36.744600,corrupt.jpg,INVALID_IMAGE,,,,,,,,INVALID,,,,False,False,,0,0,0,
dae2ddcd-cad4-4df5-9ca0-f503fa019fba,2026-09-04T06:19:36.724777,cartoon.jpg,INVALID_IMAGE,,,,,,,,INVALID,119.666825,215.37296875,39.17665680046631,False,False,,0,0,0,
c490a19b-0571-45e5-bd0c-a7a8b9396652,2026-09-04T06:19:36.693408,sun_sky.jpg,INVALID_IMAGE,,,,,,,,INVALID,40.202875,176.91959375,24.138608412353864,False,False,,0,0,0,
0d482f60-8b09-4939-b164-ed545b0e526c,2026-09-04T06:19:36.667503,fundus_screening.jpg,VALID,0,No DR,0.9806,,,0.0194,False,ACCEPT,474.21,68.78,55.12,False,False,,0,0,0,
57d5e46e-23bc-4355-a9ab-e114a3678336,2026-09-04T06:19:36.269458,missminutes.webp,INVALID_IMAGE,,,,,,,,INVALID,0.0,58.39038930017105,36.60468283681473,False,False,,0,0,0,
d09371e7-d46d-43ed-b7ff-f61e79e62538,2026-09-04T06:19:36.119437,sun.jpg,INVALID_IMAGE,,,,,,,,INVALID,0.0,53.702486153291936,54.63472102316836,False,False,,0,0,0,
0190e062-608b-4729-8c34-ee4df0f2a04b,2026-09-04T06:12:24.125091,3657a556-53f1-40e7-81c3-644b0723d443.jpg,INVALID_IMAGE,,,,,,,,INVALID,2411.830196829345,198.94153773488563,77.34089309937575,False,False,,0,0,0,
fafe08f2-483b-451d-ba27-a011e7fe58eb,2026-09-04T06:11:28.667101,cca9cd24-1fdb-4c0b-a885-526846123c60.jpg,INVALID_IMAGE,,,,,,,,INVALID,31.0516722702971,233.60440282883988,12.792860736098833,False,False,,0,0,0,
3044bf92-2140-4ae9-b800-ef28e3d3dd88,2026-09-04T06:05:02.913825,missminutes.webp,INVALID_IMAGE,,,,,,,,INVALID,0.0,58.39038930017105,36.60468283681473,False,False,,0,0,0,
70328365-6a1b-4d34-a0bf-0e3da34a2228,2026-09-04T06:05:02.003115,sun.jpg,INVALID_IMAGE,,,,,,,,INVALID,0.0,53.702486153291936,54.63472102316836,False,False,,0,0,0,
51a6fdac-4f57-47e1-bb01-4bb04fee4965,2026-09-04T06:04:32.792079,image_b50865d5.jpg,VALID,1,Mild DR,0.415,,,0.795,True,ACCEPT,36.03,143.92,17.76,False,False,,0,0,0,
d50b719a-b145-4754-b605-12f8c3de6256,2026-09-04T06:04:29.973819,alias_fundus.jpg,VALID,0,No DR,0.9806,,,0.0194,False,ACCEPT,474.21,68.78,55.12,False,False,,0,0,0,
0719909a-7b67-484b-97c9-276bb1cf3f2c,2026-09-04T06:04:22.912850,history_test.jpg,VALID,0,No DR,0.9806,,,0.0194,False,ACCEPT,474.21,68.78,55.12,False,False,,0,0,0,
210d6063-ad10-411b-bd4e-6c2ad3b871d4,2026-09-04T06:04:17.058238,test_gradcam.jpg,VALID,0,No DR,0.9806,,,0.0194,False,ACCEPT,474.21,68.78,55.12,False,False,,0,0,0,
65a70217-2b66-4727-b58a-d015299450e7,2026-09-04T06:04:12.374407,blurry_fundus.jpg,LOW_QUALITY,,,,,,,,LOW_QUALITY,1.57,68.77,48.95,False,False,,0,0,0,
32d89a6f-7acf-4594-88f4-a40fb5ac76f9,2026-09-04T06:04:12.068167,corrupt.jpg,INVALID_IMAGE,,,,,,,,INVALID,,,,False,False,,0,0,0,
fe50ee5c-76e7-448b-82e3-4b1fe2d2a354,2026-09-04T06:04:11.976728,cartoon.jpg,INVALID_IMAGE,,,,,,,,INVALID,119.666825,215.37296875,39.17665680046631,False,False,,0,0,0,
69d536c3-acfd-4484-8902-e09869ef9360,2026-09-04T06:04:11.847325,sun_sky.jpg,INVALID_IMAGE,,,,,,,,INVALID,40.202875,176.91959375,24.138608412353864,False,False,,0,0,0,
72d85910-56e0-49c0-8930-3315f85bcf3e,2026-09-04T06:04:11.759168,fundus_screening.jpg,VALID,0,No DR,0.9806,,,0.0194,False,ACCEPT,474.21,68.78,55.12,False,False,,0,0,0,
465b4ea4-63ae-4433-b422-e03a4ca651d6,2026-09-04T06:04:06.406789,missminutes.webp,INVALID_IMAGE,,,,,,,,INVALID,0.0,58.39038930017105,36.60468283681473,False,False,,0,0,0,
a34b9452-78c7-4110-8be2-e1152f2c9d80,2026-09-04T06:04:05.720764,sun.jpg,INVALID_IMAGE,,,,,,,,INVALID,0.0,53.702486153291936,54.63472102316836,False,False,,0,0,0,
2dd398cd-3731-4c51-abf8-b1b59f37a0a7,2026-09-04T06:03:34.526631,missminutes.webp,INVALID_IMAGE,,,,,,,,INVALID,0.0,58.39038930017105,36.60468283681473,False,False,,0,0,0,
c253b04c-70b9-4417-9b1b-5a037dcf02d7,2026-09-04T06:03:33.704026,sun.jpg,INVALID_IMAGE,,,,,,,,INVALID,0.0,53.702486153291936,54.63472102316836,False,False,,0,0,0,
791b3a2e-bb61-4b15-bb23-ca916a25d9ef,2026-09-04T06:02:53.474364,images.jpg,INVALID_IMAGE,,,,,,,,INVALID,0.0,161.6497833294176,14.22294558387359,False,False,,0,0,0,
7a55811f-c83e-424f-9802-fc16ded640b5,2026-09-04T06:01:49.601454,blurry_fundus.jpg,LOW_QUALITY,,,,,,,,LOW_QUALITY,1.57,68.77,48.95,False,False,,0,0,0,
fe63e624-bd55-4c62-8a75-eb17142ebd60,2026-09-04T06:01:49.537115,corrupt.jpg,INVALID_IMAGE,,,,,,,,INVALID,,,,False,False,,0,0,0,
3ede8ecd-02ee-4e7f-827d-e58f51c8a9ee,2026-09-04T06:01:49.449889,cartoon.jpg,INVALID_IMAGE,,,,,,,,INVALID,119.666825,215.37296875,39.17665680046631,False,False,,0,0,0,
98e99947-008f-473e-ac20-4f0ff679baaa,2026-09-04T06:01:49.428056,sun_sky.jpg,INVALID_IMAGE,,,,,,,,INVALID,40.202875,176.91959375,24.138608412353864,False,False,,0,0,0,
bf4eb0d4-be6a-4171-b915-289c537fe128,2026-09-04T06:00:47.753208,missminutes.webp,INVALID_IMAGE,,,,,,,,INVALID,0.0,58.39038930017105,36.60468283681473,False,False,,0,0,0,
e4570a2c-d049-44b8-b998-0a5a256a1c0c,2026-09-04T06:00:47.519118,sun.jpg,INVALID_IMAGE,,,,,,,,INVALID,0.0,53.702486153291936,54.63472102316836,False,False,,0,0,0,
2ed3dda5-ab4a-4f45-bf5e-1f8c2b3e8738,2026-09-04T06:00:04.639732,alias_fundus.jpg,VALID,0,No DR,0.9806,,,0.0194,False,ACCEPT,474.21,68.78,55.12,False,False,,0,0,0,
bcc8cd3f-2a22-449d-97fa-8c8241c25910,2026-09-04T06:00:04.118834,history_test.jpg,VALID,0,No DR,0.9806,,,0.0194,False,ACCEPT,474.21,68.78,55.12,False,False,,0,0,0,
50b04f54-145b-4286-a1ec-86b345b35237,2026-09-04T06:00:03.582534,test_gradcam.jpg,VALID,0,No DR,0.9806,,,0.0194,False,ACCEPT,474.21,68.78,55.12,False,False,,0,0,0,
f3e0e434-22de-4e98-8462-0bb9394bb91c,2026-09-04T06:00:03.115013,blurry_fundus.jpg,LOW_QUALITY,,,,,,,,LOW_QUALITY,1.57,68.77,48.95,False,False,,0,0,0,
c90ee5a9-a4ca-4ee3-ab5a-879618a89a6c,2026-09-04T06:00:03.047751,corrupt.jpg,INVALID_IMAGE,,,,,,,,INVALID,,,,False,False,,0,0,0,
831c6186-b052-490f-ae9c-b351dc76e8f5,2026-09-04T06:00:03.031437,cartoon.jpg,INVALID_IMAGE,,,,,,,,INVALID,119.666825,215.37296875,39.17665680046631,False,False,,0,0,0,
b06ad6a3-02f0-4af4-933a-9b58f783bd65,2026-09-04T06:00:02.995611,sun_sky.jpg,INVALID_IMAGE,,,,,,,,INVALID,40.202875,176.91959375,24.138608412353864,False,False,,0,0,0,
9ddd1081-bbf6-4495-9146-b8fb0fb14d84,2026-09-04T06:00:02.949066,fundus_screening.jpg,VALID,0,No DR,0.9806,,,0.0194,False,ACCEPT,474.21,68.78,55.12,False,False,,0,0,0,
72d05ce1-1eab-4e03-9c25-a28a4ee56b04,2026-09-04T06:00:02.168180,missminutes.webp,INVALID_IMAGE,,,,,,,,INVALID,0.0,58.39038930017105,36.60468283681473,False,False,,0,0,0,
d2e6364d-f171-464f-9918-7a7da35fdcce,2026-09-04T06:00:01.975297,sun.jpg,INVALID_IMAGE,,,,,,,,INVALID,0.0,53.702486153291936,54.63472102316836,False,False,,0,0,0,
c4516fe1-47ea-43ee-92df-192a1b32d5ed,2026-09-04T05:58:55.296034,alias_fundus.jpg,VALID,0,No DR,0.9806,,,0.0194,False,ACCEPT,474.21,68.78,55.12,False,False,,0,0,0,
15510b89-7047-43a4-a671-53dfa2e7507c,2026-09-04T05:58:54.564010,history_test.jpg,VALID,0,No DR,0.9806,,,0.0194,False,ACCEPT,474.21,68.78,55.12,False,False,,0,0,0,
dbeaf524-a1bf-4869-8e22-2a6e491a601c,2026-09-04T05:58:54.080002,test_gradcam.jpg,VALID,0,No DR,0.9806,,,0.0194,False,ACCEPT,474.21,68.78,55.12,False,False,,0,0,0,
cc7b0f7b-8363-4f65-9e22-0808a797015a,2026-09-04T05:58:53.382385,blurry_fundus.jpg,INVALID_IMAGE,,,,,,,,INVALID,1.5715484162792563,68.77232360839844,48.94501895995142,False,False,,0,0,0,
540086fc-9524-449c-8365-67d4826253c5,2026-09-04T05:58:53.308396,corrupt.jpg,INVALID_IMAGE,,,,,,,,INVALID,,,,False,False,,0,0,0,
666b464c-f1e7-4134-89a3-49615e6bff4d,2026-09-04T05:58:53.284127,cartoon.jpg,INVALID_IMAGE,,,,,,,,INVALID,119.666825,215.37296875,39.17665680046631,False,False,,0,0,0,
3c734e87-48b2-4cdb-ba43-f12b8b351068,2026-09-04T05:58:53.227871,sun_sky.jpg,INVALID_IMAGE,,,,,,,,INVALID,40.202875,176.91959375,24.138608412353864,False,False,,0,0,0,
dd52a185-8030-476e-a768-6adbde87d551,2026-09-04T05:58:53.184992,fundus_screening.jpg,VALID,0,No DR,0.9806,,,0.0194,False,ACCEPT,474.21,68.78,55.12,False,False,,0,0,0,
e442242f-6a67-439d-8f66-5375992b5df7,2026-09-04T05:58:52.544902,missminutes_square.jpg,INVALID_IMAGE,,,,,,,,INVALID,4.553863834677846,76.59458200118831,38.581368309585834,False,False,,0,0,0,
769f90d2-3e43-4ea6-aeaf-a4adbe28eaa2,2026-09-04T05:58:52.258087,sun_square.jpg,INVALID_IMAGE,,,,,,,,INVALID,12.643578684339422,79.77605063501058,56.423336853817,False,False,,0,0,0,
84ca88f2-0671-4d0c-8faf-d960a5f9c0b9,2026-09-04T05:58:52.039234,missminutes.webp,INVALID_IMAGE,,,,,,,,INVALID,0.0,58.39038930017105,36.60468283681473,False,False,,0,0,0,
ba84ac8c-23e3-43f3-92d5-820bb99116fc,2026-09-04T05:58:51.829614,sun.jpg,INVALID_IMAGE,,,,,,,,INVALID,0.0,53.702486153291936,54.63472102316836,False,False,,0,0,0,
2a51e3c5-f933-4d0b-aefc-a92c2115f571,2026-09-04T05:58:30.436840,missminutes_square.jpg,INVALID_IMAGE,,,,,,,,INVALID,4.553863834677846,76.59458200118831,38.581368309585834,False,False,,0,0,0,
d46a9743-01c6-4802-9ba7-8e853fa49174,2026-09-04T05:58:30.193929,sun_square.jpg,INVALID_IMAGE,,,,,,,,INVALID,12.643578684339422,79.77605063501058,56.423336853817,False,False,,0,0,0,
d304305f-0a49-4a86-9a4b-64ff159c40a4,2026-09-04T05:58:30.026767,missminutes.webp,INVALID_IMAGE,,,,,,,,INVALID,0.0,58.39038930017105,36.60468283681473,False,False,,0,0,0,
0be6e10b-dc12-4e66-a632-b91d1aa93fd2,2026-09-04T05:58:29.839298,sun.jpg,INVALID_IMAGE,,,,,,,,INVALID,0.0,53.702486153291936,54.63472102316836,False,False,,0,0,0,
1a7d15aa-aabd-4b80-b7f9-2134b232c77a,2026-09-04T05:58:03.227377,missminutes.webp,INVALID_IMAGE,,,,,,,,INVALID,0.0,58.39038930017105,36.60468283681473,False,False,,0,0,0,
bbc56963-d147-4ab1-9223-8ed3233a6aa8,2026-09-04T05:58:02.466166,sun.jpg,INVALID_IMAGE,,,,,,,,INVALID,0.0,53.702486153291936,54.63472102316836,False,False,,0,0,0,
adb82b22-a37f-43d9-b780-b1d34c8ea2a2,2026-09-04T05:57:58.699017,Lamborghini_Revuelto.jpg,INVALID_IMAGE,,,,,,,,INVALID,0.0,83.13051466666667,48.77844696777928,False,False,,0,0,0,
75e254f1-0532-40e0-bd9a-0fb093650467,2026-09-04T05:52:02.999238,gettyimages-1406174121.jpg,LOW_QUALITY,,,,,,,,LOW_QUALITY,6.97,53.7,54.63,False,False,,0,0,0,
e1faa100-7aa4-4ed3-b0e9-d740c54bcd6e,2026-09-04T05:51:24.587214,0_No_DR_e4dcca36ceb4.png,VALID,0,No DR,0.9956,,,0.0044,False,ACCEPT,306.76,85.66,43.06,False,False,,0,0,0,
99080bbd-18e9-468c-9110-2ac163ae0606,2026-09-04T05:50:45.084811,gettyimages-1406174121.jpg,LOW_QUALITY,,,,,,,,LOW_QUALITY,6.97,53.7,54.63,False,False,,0,0,0,
fd49c85c-f8f4-489b-b2f2-b31c5fb52d69,2026-09-04T05:46:40.381267,alias_fundus.jpg,VALID,0,No DR,0.9806,,,0.0194,False,ACCEPT,474.21,68.78,55.12,False,False,,0,0,0,
07e0c69e-93c4-4b67-ad8c-4a614388f796,2026-09-04T05:46:39.910528,history_test.jpg,VALID,0,No DR,0.9806,,,0.0194,False,ACCEPT,474.21,68.78,55.12,False,False,,0,0,0,
01e0228d-655c-4f4c-b61d-c3b18b10129d,2026-09-04T05:46:39.386531,test_gradcam.jpg,VALID,0,No DR,0.9806,,,0.0194,False,ACCEPT,474.21,68.78,55.12,False,False,,0,0,0,
c2ee93fa-ec35-4526-a89a-7dfaa1c8a8e6,2026-09-04T05:46:38.946383,blurry_fundus.jpg,LOW_QUALITY,,,,,,,,LOW_QUALITY,1.57,68.77,48.95,False,False,,0,0,0,
